timestamp_coleta,mercado,ticker,ticker_yf,candle_time,open_1h,high_1h,low_1h,close_1h,volume_1h,last_price,previous_close,open_day,day_high,day_low,day_volume,market_cap,fifty_day_avg,two_hundred_day_avg,year_high,year_low,currency,exchange,short_name,sector,industry,country,beta,trailing_pe,forward_pe,price_to_book,dividend_yield,payout_ratio,bid,ask,regular_mkt_volume,avg_volume,avg_volume_10d,shares_outstanding,float_shares,book_value,profit_margins,ebitda_margins,operating_margins,gross_margins,return_on_assets,return_on_equity,revenue_growth,earnings_growth,target_mean_price,recommendation,recommendation_mean
2026-04-14 16:05:04,B3,ABEV3,ABEV3.SA,2026-04-14 15:00:00,15.920000076293945,15.9399995803833,15.899999618530273,15.920000076293945,1580200.0,15.920000076293945,15.979999542236328,15.970000267028809,16.020000457763672,15.829999923706055,15165400.0,248618951428.98486,15.472600040435792,13.645049986839295,16.770000457763672,11.680000305175781,BRL,SAO,AMBEV S/A   ON  ATZ,Consumer Defensive,Beverages - Brewers,Brazil,0.31,16.080809,14.171014,2.8277087,14.98,1.7388,15.91,15.92,15169100.0,27629441.0,25985677.0,15596694040.0,4227862084.0,5.63,0.17569,0.30844998,0.28194,0.51425,0.091359995,0.16976999,-0.082,-0.101,15.34444,hold,3.11111
2026-04-14 16:05:04,B3,AGRO3,AGRO3.SA,2026-04-14 15:00:00,20.5,20.5,20.43000030517578,20.440000534057617,8800.0,20.440000534057617,20.709999084472656,20.700000762939453,20.799999237060547,20.43000030517578,88400.0,2036139994.2803936,21.04000003814697,20.4593000125885,22.75,18.59000015258789,BRL,SAO,BRASILAGRO  ON      NM,Consumer Defensive,Farm Products,Brazil,0.157,,8.176001,0.9798188,3.61,1.1292,20.43,20.44,88400.0,218383.0,256177.0,99615457.0,46594134.0,20.861,-0.0016300001,-0.09711,-0.08424,0.043920003,-0.01319,-0.00074,0.248,,23.83333,none,
2026-04-14 16:05:04,B3,ASAI3,ASAI3.SA,2026-04-14 15:00:00,10.149999618530273,10.149999618530273,10.050000190734863,10.100000381469727,905800.0,10.100000381469727,9.890000343322754,9.960000038146973,10.149999618530273,9.859999656677246,6441100.0,13551674926.036983,8.784199924468995,9.050599958896637,12.039999961853027,6.909999847412109,BRL,SAO,ASSAI       ON      NM,Consumer Defensive,Grocery Stores,Brazil,0.361,14.8529415,8.900404,2.4402032,1.2,0.1583,10.1,10.11,6441100.0,15711211.0,12297220.0,1341749942.0,1138962519.0,4.139,0.00643,0.06767,0.058569998,0.17014,0.05505,0.09196,0.031,-0.979,11.50714,buy,1.86667
2026-04-14 16:05:04,B3,B3SA3,B3SA3.SA,2026-04-14 15:00:00,19.59000015258789,19.6200008392334,19.479999542236328,19.59000015258789,3065500.0,19.59000015258789,19.309999465942383,19.299999237060547,19.719999313354492,19.079999923706055,24741300.0,98161172560.47429,17.605800094604493,14.570450024604797,19.739999771118164,11.960000038146973,BRL,SAO,B3          ON  EJ  NM,Financial Services,Financial Data & Stock Exchanges,Brazil,0.249,23.60241,15.987268,5.655312,3.15,0.71239996,19.55,19.59,24741300.0,44456345.0,44346444.0,5010779571.0,,3.464,0.45544997,0.67509,0.65740997,0.95489,0.08862001,0.25591,0.105,-0.169,19.17857,buy,2.0
2026-04-14 16:05:04,B3,BBAS3,BBAS3.SA,2026-04-14 15:00:00,25.420000076293945,25.440000534057617,25.280000686645508,25.360000610351562,2578900.0,25.360000610351562,24.770000457763672,24.799999237060547,25.489999771118164,24.75,20996000.0,144764474889.71756,24.821999969482423,22.23720000267029,30.040000915527344,18.1200008392334,BRL,SAO,BRASIL      ON      NM,Financial Services,Banks - Regional,Brazil,0.406,10.566667,4.7052627,0.78760207,1.13,0.20709999,25.36,25.37,20996000.0,31674965.0,21977788.0,5708378210.0,2586922848.0,32.199,0.24109,0.0,0.18375,0.0,0.00865,0.1106,-0.343,-0.544,26.93846,hold,2.69231
2026-04-14 16:05:04,B3,BBDC3,BBDC3.SA,2026-04-14 15:00:00,17.989999771118164,18.030000686645508,17.969999313354492,17.989999771118164,765700.0,17.989999771118164,17.860000610351562,17.899999618530273,18.079999923706055,17.8799991607666,4842200.0,206039838278.44162,17.430399951934813,15.67440001487732,18.979999542236328,11.289999961853027,BRL,SAO,BRADESCO    ON  EJ  N1,Financial Services,Banks - Regional,Brazil,0.363,8.446009,,1.0665165,1.16,0.613,17.99,18.0,4842300.0,8121180.0,9331722.0,5293220781.0,7558861646.0,16.868,0.26519,0.0,0.2481,0.0,0.010880001,0.13754,0.06,0.572,,none,
2026-04-14 16:05:04,B3,BBDC4,BBDC4.SA,2026-04-14 15:00:00,20.780000686645508,20.799999237060547,20.709999084472656,20.729999542236328,2775100.0,20.729999542236328,20.670000076293945,20.709999084472656,20.969999313354492,20.68000030517578,24426900.0,219130855501.55206,20.15359996795654,18.24409999370575,22.1200008392334,12.600000381469727,BRL,SAO,BRADESCO    PN  EJ  N1,Financial Services,Banks - Regional,Brazil,0.363,9.732393,6.8508544,1.2289542,1.11,0.6743,20.72,20.73,24426900.0,38428658.0,37912033.0,5277491247.0,7558861646.0,16.868,0.26519,0.0,0.2481,0.0,0.010880001,0.13754,0.06,0.572,21.84615,none,
2026-04-14 16:05:04,B3,BPAC11,BPAC11.SA,2026-04-14 15:00:00,63.34000015258789,63.63999938964844,63.279998779296875,63.43000030517578,829100.0,63.43000030517578,63.81999969482422,63.91999816894531,64.30000305175781,62.810001373291016,5973600.0,211989103108.00653,58.55639991760254,50.56214994430542,63.86000061035156,33.709999084472656,BRL,SAO,BTGP BANCO  UNT ATZ N2,Financial Services,Capital Markets,Brazil,0.471,103.257324,10.562741,4.3606853,2.19,,63.44,63.45,5973300.0,10423568.0,9620720.0,3342095256.0,2819584803.0,14.539,0.38164002,0.0,0.44472,0.0,0.02307,0.23868,0.187,0.409,65.04615,buy,1.61538
2026-04-14 16:05:04,B3,CCRO3,CCRO3.SA,,,,,,,,,,,,,,,,,,,,,,,,,,,,,,,,,,,,,,,,,,,,,,,,
2026-04-14 16:05:04,B3,CPFE3,CPFE3.SA,2026-04-14 15:00:00,55.34000015258789,55.720001220703125,55.25,55.68000030517578,236500.0,55.650001525878906,54.790000915527344,54.369998931884766,55.720001220703125,54.369998931884766,3161600.0,64122961344.200745,49.41460006713867,44.76800006866455,56.34000015258789,36.060001373291016,BRL,SAO,CPFL ENERGIAON      NM,Utilities,Utilities - Regulated Electric,Brazil,0.27,11.691176,12.921037,2.8512144,6.83,0.587,55.62,55.64,3161600.0,1960305.0,1863077.0,1152254440.0,187736816.0,19.518,0.12361,0.30323,0.23545,0.31718,0.087340005,0.25354,-0.009,0.023,47.08538,hold,3.23077
2026-04-14 16:05:04,B3,CPLE6,CPLE6.SA,,,,,,,,,,,,,,,,,,,,,,,,,,,,,,,,,,,,,,,,,,,,,,,,
2026-04-14 16:05:04,B3,CSAN3,CSAN3.SA,2026-04-14 15:00:00,5.480000019073486,5.489999771118164,5.440000057220459,5.46999979019165,2891700.0,5.46999979019165,5.489999771118164,5.590000152587891,5.630000114440918,5.440000057220459,13275200.0,21436669473.11104,5.766599979400635,5.974349992275238,8.779999732971191,4.920000076293945,BRL,SAO,COSAN       ON      NM,Energy,Oil & Gas Refining & Marketing,Brazil,0.729,,3.7731416,4.074627,,0.0,5.46,5.47,13275800.0,35402540.0,28194133.0,3918952522.0,1990681916.0,1.34,-0.24054001,0.34592,0.30708998,0.32598,0.048449997,-0.28958,0.265,,7.47778,buy,2.0
2026-04-14 16:05:04,B3,CSNA3,CSNA3.SA,2026-04-14 15:00:00,6.599999904632568,6.619999885559082,6.559999942779541,6.590000152587891,843500.0,6.590000152587891,6.53000020980835,6.590000152587891,6.820000171661377,6.559999942779541,8942800.0,8738959313.075878,7.709799966812134,8.241099989414215,11.319999694824219,5.670000076293945,BRL,SAO,SID NACIONALON,Basic Materials,Steel,Brazil,1.521,,-7.5954914,0.6786818,15.64,0.0,6.59,6.6,8942800.0,15654793.0,10671400.0,1326093947.0,594952049.0,9.71,-0.044699997,0.17889,0.04932,0.26138002,0.02558,-0.096599996,-0.052,,8.98462,underperform,3.53846
2026-04-14 16:05:04,B3,CYRE3,CYRE3.SA,2026-04-14 15:00:00,28.049999237060547,28.1299991607666,27.780000686645508,27.780000686645508,955400.0,27.780000686645508,28.1200008392334,27.760000228881836,28.549999237060547,27.760000228881836,5019400.0,10177115911.230423,29.014799919128418,28.889699983596802,39.060001373291016,23.6299991607666,BRL,SAO,CYRELA REALTON      NM,Consumer Cyclical,Residential Construction,Brazil,0.302,6.0787745,4.8353662,0.9949857,13.57,0.83129996,27.82,27.84,5019400.0,6234223.0,7100144.0,366346855.0,236483016.0,27.92,0.21247,0.16306,0.17398001,0.32868,0.03879,0.22374001,0.242,0.164,38.13846,strong_buy,1.46154
2026-04-14 16:05:04,B3,ECOR3,ECOR3.SA,2026-04-14 15:00:00,10.180000305175781,10.210000038146973,10.119999885559082,10.180000305175781,699100.0,10.180000305175781,9.930000305175781,10.0,10.210000038146973,9.859999656677246,4710800.0,7081424292.966751,9.84420002937317,8.882950003147124,12.380000114440918,5.739999771118164,BRL,SAO,ECORODOVIAS ON      NM,Industrials,Infrastructure Operations,Brazil,0.733,8.015748,12.672252,1.7260089,3.1,0.24219999,10.18,10.19,4710400.0,8315048.0,10394511.0,695621226.0,329007971.0,5.898,0.07689,0.45449,0.30683002,0.38756,0.07679,0.21511999,0.21,-0.26,13.13846,buy,1.84615
2026-04-14 16:05:04,B3,ELET3,ELET3.SA,,,,,,,,,,,,,,,,,,,,,,,,,,,,,,,,,,,,,,,,,,,,,,,,
2026-04-14 16:05:04,B3,ELET6,ELET6.SA,,,,,,,,,,,,,,,,,,,,,,,,,,,,,,,,,,,,,,,,,,,,,,,,
2026-04-14 16:05:04,B3,EMBR3,EMBR3.SA,,,,,,,,,,,,,,,,,,,,,,,,,,,,,,,,,,,,,,,,,,,,,,,,
2026-04-14 16:05:04,B3,ENGI11,ENGI11.SA,2026-04-14 15:00:00,58.349998474121094,58.38999938964844,57.970001220703125,58.099998474121094,314100.0,58.099998474121094,57.72999954223633,57.4900016784668,58.63999938964844,57.47999954223633,2395200.0,26559278854.17428,52.51939979553222,47.353704109191895,57.79999923706055,38.12727355957031,BRL,SAO,ENERGISA    UNT     N2,Utilities,Utilities - Regulated Electric,Brazil,0.21,42.101448,13.966347,1.0517931,5.66,,58.1,58.11,2395200.0,3245025.0,3521800.0,457130457.0,327677966.0,55.239,0.062480003,0.23688,0.11542,0.24744,0.050029997,0.14495,-0.028,-0.553,62.69559,buy,1.53846
2026-04-14 16:05:04,B3,EZTC3,EZTC3.SA,2026-04-14 15:00:00,15.899999618530273,15.930000305175781,15.75,15.760000228881836,198700.0,15.760000228881836,15.579999923706055,15.5600004196167,15.970000267028809,15.529999732971191,1134400.0,4371644825.009218,14.785600051879882,13.434854855537415,16.71967315673828,9.995628356933594,BRL,SAO,EZTEC       ON      NM,Real Estate,Real Estate - Development,Brazil,0.563,8.333333,6.387017,0.8683906,7.87,0.6447,15.75,15.76,1138600.0,2123413.0,1937450.0,277388627.0,108516719.0,18.137,0.35694999,0.25906,0.24354,0.41674998,0.03442,0.10949001,-0.369,-0.097,18.41818,hold,2.54545
2026-04-14 16:05:04,B3,FLRY3,FLRY3.SA,2026-04-14 15:00:00,17.6200008392334,17.700000762939453,17.56999969482422,17.670000076293945,443700.0,17.670000076293945,17.329999923706055,17.34000015258789,17.719999313354492,17.290000915527344,2024800.0,9646494438.25077,16.434800090789796,15.290150027275086,18.100000381469727,11.960000038146973,BRL,SAO,FLEURY      ON      NM,Healthcare,Diagnostics & Research,Brazil,0.35,15.776786,12.160543,1.9254658,10.95,1.4958,17.67,17.68,2024600.0,3176495.0,2589950.0,543624980.0,242025020.0,9.177,0.07391,0.22143,0.1094,0.26607,0.0596,0.113970004,0.12,0.146,17.48182,buy,2.27273
2026-04-14 16:05:04,B3,GGBR4,GGBR4.SA,2026-04-14 15:00:00,21.510000228881836,21.56999969482422,21.479999542236328,21.510000228881836,1013300.0,21.510000228881836,21.18000030517578,21.190000534057617,21.56999969482422,21.079999923706055,6543700.0,42320387313.13928,20.183199996948243,18.719550018310546,24.079999923706055,14.479999542236328,BRL,SAO,GERDAU      PN      N1,Basic Materials,Steel,Brazil,0.89,31.188406,7.977935,0.7932179,1.89,0.8986,21.51,21.52,6543600.0,12897773.0,14212766.0,1250263163.0,1270847082.0,27.13,0.01985,0.12577,0.07026,0.11405,0.04153,0.025339998,0.009,,24.53333,buy,1.6
2026-04-14 16:05:04,B3,HAPV3,HAPV3.SA,2026-04-14 15:00:00,13.020000457763672,13.050000190734863,12.960000038146973,12.979999542236328,337700.0,12.979999542236328,13.069999694824219,13.199999809265137,13.289999961853027,12.800000190734863,5173900.0,6166280386.754726,10.535599994659425,24.041049971580506,44.849998474121094,7.0,BRL,SAO,HAPVIDA     ON      NM,Financial Services,Insurance - Life,Brazil,0.098,,5.776591,0.1277119,,0.0,12.96,12.98,5173900.0,11963011.0,14506677.0,475060139.0,232036504.0,101.635,-0.00449,0.084910005,0.03823,0.11792,0.01355,-0.0029300002,0.065,,15.5,hold,2.92308
2026-04-14 16:05:04,B3,INTB3,INTB3.SA,2026-04-14 15:00:00,14.390000343322754,14.390000343322754,14.300000190734863,14.3100004196167,378300.0,14.3100004196167,14.199999809265137,14.170000076293945,14.510000228881836,14.140000343322754,1683700.0,4682979634.480503,13.580199947357178,12.902799978256226,16.809999465942383,10.489999771118164,BRL,SAO,INTELBRAS   ON      NM,Technology,Communication Equipment,Brazil,0.053,9.668919,7.0717306,1.5656455,9.86,0.9478,14.3,14.31,1683700.0,2379455.0,2844500.0,327211110.0,91985769.0,9.14,0.10824,0.11205,0.11368,0.301,0.048779998,0.16176,-0.093,0.08,16.05,buy,1.9
2026-04-14 16:05:04,B3,ITUB4,ITUB4.SA,2026-04-14 15:00:00,46.58000183105469,46.68000030517578,46.540000915527344,46.59000015258789,2005400.0,46.56999969482422,45.9900016784668,46.0,46.84000015258789,45.849998474121094,16065300.0,513264681913.5082,44.99419982910156,39.42097438812256,49.66999816894531,31.262134552001953,BRL,SAO,ITAUUNIBANCOPN  EJ  N1,Financial Services,Banks - Regional,Brazil,0.267,11.618453,8.966357,2.5121322,1.2,0.8503,46.57,46.59,16065400.0,31566341.0,25319688.0,5403615951.0,5916281737.0,18.546,0.32284,0.0,0.37305,0.0,0.01549,0.21014,0.11,0.028,47.92308,strong_buy,1.46154
2026-04-14 16:05:04,B3,LREN3,LREN3.SA,2026-04-14 15:00:00,15.4399995803833,15.520000457763672,15.40999984741211,15.470000267028809,1945400.0,15.470000267028809,15.850000381469727,15.899999618530273,16.0,15.40999984741211,11516300.0,15206397449.36874,15.25520004272461,15.501700015068055,19.8700008392334,12.430000305175781,BRL,SAO,LOJAS RENNERON      NM,Consumer Cyclical,Department Stores,Brazil,0.469,10.743055,8.876419,1.453128,5.63,0.584,15.46,15.49,11516300.0,15449446.0,16630600.0,976323386.0,,10.646,0.092080005,0.14868,0.1625,0.61707,0.059520002,0.13732,0.048,0.215,19.31333,buy,1.66667
2026-04-14 16:05:04,B3,MGLU3,MGLU3.SA,2026-04-14 15:00:00,9.210000038146973,9.220000267028809,9.170000076293945,9.1899995803833,850400.0,9.1899995803833,9.270000457763672,9.300000190734863,9.470000267028809,9.15999984741211,9858100.0,7121150045.397267,9.470599975585937,8.721490137577057,11.552379608154297,6.2095232009887695,BRL,SAO,MAGAZ LUIZA ON      NM,Consumer Cyclical,Specialty Retail,Brazil,1.12,35.346153,10.414778,0.6311813,0.6,1.1008999,9.18,9.19,9858100.0,19399968.0,16384055.0,774880345.0,315750834.0,14.56,0.00529,0.03882,0.00981,0.29854,0.01979,0.01811,0.034,-0.555,9.19853,hold,3.38462
2026-04-14 16:05:04,B3,MOVI3,MOVI3.SA,2026-04-14 15:00:00,13.359999656677246,13.449999809265137,13.3100004196167,13.329999923706055,553200.0,13.329999923706055,12.869999885559082,12.920000076293945,13.449999809265137,12.890000343322754,6685700.0,4582567698.69178,12.9769482421875,9.731237075328828,14.970000267028809,5.630000114440918,BRL,SAO,MOVIDA      ON      NM,Industrials,Rental & Leasing Services,Brazil,0.438,14.648351,4.980329,1.5232544,10.72,0.8418,13.34,13.35,6685700.0,5854027.0,9673744.0,343778523.0,114295493.0,8.751,0.0217,0.36856997,0.2325,0.32458,0.062140003,0.116610005,0.126,0.729,14.54662,buy,2.0
2026-04-14 16:05:04,B3,PCAR3,PCAR3.SA,2026-04-14 15:00:00,2.490000009536743,2.5299999713897705,2.450000047683716,2.5299999713897705,699600.0,2.5299999713897705,2.450000047683716,2.490000009536743,2.619999885559082,2.390000104904175,6404700.0,1251137976.7016423,2.814399995803833,3.4672500026226043,4.949999809265137,1.8899999856948853,BRL,SAO,"P.ACUCAR,CBDON      NM",Consumer Cyclical,Department Stores,Brazil,1.207,,-5.6191006,0.5894688,,0.0,2.52,2.53,6404700.0,12972828.0,10176233.0,490637273.0,104682302.0,4.292,-0.043109998,0.049439996,0.03578,0.27562,0.0179,-0.25381002,-0.02,,3.36,underperform,3.66667
2026-04-14 16:05:04,B3,PETR3,PETR3.SA,2026-04-14 15:00:00,52.27000045776367,52.630001068115234,52.220001220703125,52.630001068115234,1238000.0,52.630001068115234,54.869998931884766,54.689998626708984,54.849998474121094,52.150001525878906,14392400.0,678334018978.0818,46.566599960327146,36.93330008506775,56.13999938964844,30.84000015258789,BRL,SAO,PETROBRAS   ON      N2,Energy,Oil & Gas Integrated,Brazil,-0.071,6.9159,6.17723,1.6314322,7.11,0.38869998,52.57,52.63,14392400.0,15619641.0,19148744.0,7442231382.0,8112812836.0,32.26,0.22134,0.41834,0.26850998,0.47632998,0.08613,0.28176,0.05,,50.82857,buy,1.875
2026-04-14 16:05:04,B3,PETR4,PETR4.SA,2026-04-14 15:00:00,47.810001373291016,48.11000061035156,47.79999923706055,48.060001373291016,4132700.0,48.060001373291016,49.61000061035156,49.61000061035156,49.650001525878906,47.66999816894531,45116600.0,656667144918.2023,42.76759994506836,34.27430003166199,50.689998626708984,28.860000610351562,BRL,SAO,PETROBRAS   PN      N2,Energy,Oil & Gas Integrated,Brazil,-0.071,6.3153744,4.2788463,1.4897708,7.85,0.38869998,48.05,48.07,45116600.0,52888503.0,54972988.0,5446501379.0,8112812836.0,32.26,0.22134,0.41834,0.26850998,0.47632998,0.08613,0.28176,0.05,,49.87692,buy,2.0
2026-04-14 16:05:04,B3,PRIO3,PRIO3.SA,2026-04-14 15:00:00,64.41999816894531,64.58000183105469,64.0199966430664,64.58000183105469,1072400.0,64.58000183105469,66.5999984741211,66.44000244140625,67.12000274658203,63.58000183105469,8284500.0,52297757377.39281,59.193399810791014,44.606249961853024,72.9800033569336,32.810001373291016,BRL,SAO,PETRORIO    ON      NM,Energy,Oil & Gas E&P,Brazil,0.239,23.314081,8.104585,2.0289037,,0.0,64.55,64.59,8284500.0,16079781.0,17604966.0,807383501.0,,31.83,0.14446999,0.51533,0.098859996,0.19917,0.022669999,0.08708999,0.424,,64.40357,buy,1.71429
2026-04-14 16:05:04,B3,RAIL3,RAIL3.SA,2026-04-14 15:00:00,16.979999542236328,16.989999771118164,16.90999984741211,16.950000762939453,758600.0,16.950000762939453,16.239999771118164,16.329999923706055,17.0,16.260000228881836,12293400.0,31456049190.47374,16.055400085449218,15.770950040817262,20.530000686645508,13.3100004196167,BRL,SAO,RUMO S.A.   ON      NM,Industrials,Railroads,Brazil,-0.022,36.847828,12.977965,2.2724226,4.99,1.7777001,16.94,16.95,12293400.0,12185885.0,13509290.0,1855814028.0,1313562523.0,7.459,0.06117,0.54698,0.39161,0.45391,0.06879,0.059699997,-0.033,,19.8,buy,1.93333
2026-04-14 16:05:04,B3,RDOR3,RDOR3.SA,2026-04-14 15:00:00,42.56999969482422,42.720001220703125,42.31999969482422,42.349998474121094,951900.0,42.349998474121094,41.720001220703125,41.880001068115234,43.38999938964844,41.7400016784668,6227300.0,93276538058.8277,40.30219993591309,40.20389995574951,48.40999984741211,29.18000030517578,BRL,SAO,REDE D OR   ON      NM,Healthcare,Medical Care Facilities,Brazil,0.817,19.877934,14.890257,4.827272,1.53,1.5723,42.32,42.33,6227400.0,7030941.0,5606844.0,2199211735.0,982668832.0,8.771,0.084130004,0.20548001,0.17809,0.21854,0.059809998,0.20047002,0.119,0.238,51.58333,strong_buy,1.30769
2026-04-14 16:05:04,B3,RENT3,RENT3.SA,2026-04-14 15:00:00,50.970001220703125,51.029998779296875,50.65999984741211,50.68000030517578,568600.0,50.68000030517578,48.900001525878906,49.20000076293945,51.09000015258789,49.20000076293945,7904200.0,53446229005.23296,48.39760009765625,41.93875001907349,53.0,32.70000076293945,BRL,SAO,LOCALIZA    ON      NM,Industrials,Rental & Leasing Services,Brazil,0.34,28.795454,10.1673765,2.173335,4.28,1.1341001,50.68,50.71,7904200.0,9576906.0,10803033.0,1054582255.0,856989936.0,23.319,0.044889998,0.19489999,0.21751,0.21954,0.05748,0.07211,0.117,0.109,58.45333,buy,1.6
2026-04-14 16:05:04,B3,SANB11,SANB11.SA,2026-04-14 15:00:00,32.040000915527344,32.099998474121094,31.920000076293945,32.029998779296875,676000.0,32.029998779296875,32.18000030517578,32.310001373291016,32.5099983215332,31.920000076293945,2916000.0,151195097381.10663,32.78979995727539,30.831700010299684,37.83000183105469,25.489999771118164,BRL,SAO,SANTANDER BRUNT,Financial Services,Banks - Regional,Brazil,0.322,15.654936,6.115513,0.95589113,5.53,,32.03,32.06,2916000.0,3846173.0,2630350.0,3735435525.0,3735623127.0,33.508,0.27953,0.0,0.18215,0.0,0.0103400005,0.10524,0.116,0.273,36.59231,hold,2.61538
2026-04-14 16:05:04,B3,SBSP3,SBSP3.SA,2026-04-14 15:00:00,170.5500030517578,170.69000244140625,168.97000122070312,169.27999877929688,567700.0,169.27999877929688,168.89999389648438,168.64999389648438,170.8699951171875,168.6300048828125,2500600.0,121910096223.92825,151.43992401123046,130.21359394073485,171.72999572753906,102.58851623535156,BRL,SAO,SABESP      ON      NM,Utilities,Utilities - Regulated Water,Brazil,0.199,13.706882,12.531555,2.8000066,0.49,0.5066,169.32,169.35,2500600.0,3250290.0,3273288.0,720162621.0,468716980.0,60.457,0.22215,0.38157,0.34567,0.37017,0.084989995,0.21334,0.439,0.872,159.11856,buy,1.6875
2026-04-14 16:05:04,B3,SLCE3,SLCE3.SA,2026-04-14 15:00:00,19.09000015258789,19.260000228881836,19.079999923706055,19.260000228881836,601500.0,19.260000228881836,19.06999969482422,19.190000534057617,19.479999542236328,19.06999969482422,3237800.0,9568610231.171373,17.12699977874756,15.563005185127258,19.139999389648438,13.84000015258789,BRL,SAO,SLC AGRICOLAON      NM,Consumer Defensive,Farm Products,Brazil,0.316,17.196428,9.144518,1.9018466,6.76,1.1533,19.24,19.25,3237800.0,2657006.0,3413770.0,496812571.0,170762263.0,10.127,0.064959995,0.26997,0.026870001,0.34244,0.06277,0.11582,0.15,,19.70909,hold,2.81818
2026-04-14 16:05:04,B3,TIMS3,TIMS3.SA,2026-04-14 15:00:00,27.200000762939453,27.270000457763672,27.149999618530273,27.209999084472656,751200.0,27.209999084472656,27.290000915527344,27.299999237060547,27.600000381469727,27.149999618530273,4715800.0,64995662854.728836,26.806400032043456,23.845650005340577,28.739999771118164,17.270000457763672,BRL,SAO,TIM         ON      NM,Communication Services,Telecom Services,Brazil,0.299,15.286516,12.279656,2.7106993,9.54,1.4117999,27.21,27.22,4715800.0,6159320.0,4740850.0,2388668322.0,2388261815.0,10.038,0.16194999,0.41569,0.27545,0.53928,0.0735,0.17117001,0.044,0.291,28.31429,buy,2.42857
2026-04-14 16:05:04,B3,TOTS3,TOTS3.SA,2026-04-14 15:00:00,35.209999084472656,35.2400016784668,34.68000030517578,34.709999084472656,328400.0,34.709999084472656,34.540000915527344,34.86000061035156,35.56999969482422,34.58000183105469,2278900.0,20300991936.42144,37.01720008850098,41.915899982452395,48.400001525878906,33.02000045776367,BRL,SAO,TOTVS       ON      NM,Technology,Software - Application,Brazil,0.545,24.617022,15.5650215,3.9951658,1.88,0.4335,34.7,34.71,2278900.0,5117571.0,3458890.0,579848243.0,485228645.0,8.688,0.1545,0.2208,0.21545,0.70264,0.075840004,0.16139999,0.151,0.429,51.75385,none,
2026-04-14 16:05:04,B3,UGPA3,UGPA3.SA,2026-04-14 15:00:00,30.100000381469727,30.149999618530273,30.010000228881836,30.040000915527344,373200.0,30.049999237060547,30.559999465942383,30.700000762939453,30.729999542236328,29.889999389648438,3001000.0,32116457150.595245,27.248000068664552,21.936749958992003,30.610000610351562,15.579999923706055,BRL,SAO,ULTRAPAR    ON      NM,Energy,Oil & Gas Refining & Marketing,Brazil,0.417,12.78298,11.482435,2.049253,5.73,0.7443,30.04,30.05,3000900.0,6654371.0,6220860.0,1068767319.0,645872968.0,14.659,0.017239999,0.04482,0.03091,0.06574,0.06954,0.16381,0.072,-0.595,29.0375,buy,2.25
2026-04-14 16:05:04,B3,VALE3,VALE3.SA,2026-04-14 15:00:00,88.06999969482422,88.27999877929688,88.02999877929688,88.08999633789062,1332300.0,88.08000183105469,87.2300033569336,87.5,88.54000091552734,87.18000030517578,12752800.0,384479407040.20575,83.55019989013672,67.74239999771117,91.62000274658203,49.720001220703125,BRL,SAO,VALE        ON  ATZ NM,Basic Materials,Other Industrial Metals & Mining,Brazil,0.889,32.02909,7.9665065,2.0401168,7.89,2.0855,88.08,88.1,12752800.0,27859686.0,20340355.0,4365115781.0,3967404263.0,43.174,0.06467,0.35986,0.27639,0.34976003,0.077870004,0.05867,0.005,,87.6609,buy,2.15385
2026-04-14 16:05:04,B3,VIVT3,VIVT3.SA,2026-04-14 15:00:00,41.470001220703125,41.4900016784668,41.29999923706055,41.459999084472656,481700.0,41.459999084472656,41.88999938964844,42.25,42.41999816894531,41.29999923706055,3201500.0,132489836469.715,40.85340019226074,35.13795009613037,43.470001220703125,25.270000457763672,BRL,SAO,TELEF BRASILON,Communication Services,Telecom Services,Brazil,0.41,21.706806,12.93055,1.9279238,5.52,0.52889997,41.46,41.47,3201500.0,5307906.0,3972500.0,3195606352.0,705206410.0,21.505,0.1035,0.32474998,0.19459,0.48099998,0.05242,0.08901,0.071,0.093,39.86429,buy,2.35714
2026-04-14 16:05:04,B3,VVAR3,VVAR3.SA,,,,,,,,,,,,,,,,,,,,,,,,,,,,,,,,,,,,,,,,,,,,,,,,
2026-04-14 16:05:04,B3,WEGE3,WEGE3.SA,2026-04-14 15:00:00,51.7599983215332,52.11000061035156,51.75,51.939998626708984,781100.0,51.95000076293945,52.27000045776367,52.290000915527344,52.349998474121094,50.59000015258789,8787900.0,217973355648.614,49.864600067138674,43.67599988937378,54.529998779296875,35.25,BRL,SAO,WEG         ON      NM,Industrials,Electrical Equipment & Parts,Brazil,0.047,34.17763,26.55306,12.515057,0.77,1.1888,51.99,52.0,8787900.0,7763216.0,7442311.0,4195829691.0,1485947686.0,4.151,0.15626,0.21486,0.19398001,0.3353,0.11845,0.32514998,-0.053,-0.063,54.47143,hold,2.57143
2026-04-14 16:05:04,B3,XPBR31,XPBR31.SA,2026-04-14 15:00:00,105.48999786376953,105.66999816894531,104.83999633789062,105.37999725341797,233581.0,105.37999725341797,101.30000305175781,101.55000305175781,105.94999694824219,101.55000305175781,1075446.0,54518063270.48304,102.66720031738281,98.27505004882812,119.37000274658203,79.30000305175781,BRL,SAO,XP INC      DR1,Financial Services,Capital Markets,Cayman Islands,1.276,10.841563,8.506193,2.3215544,0.98,0.102299996,105.32,105.38,1075446.0,1056250.0,953131.0,416451545.0,415067863.0,45.392,0.29088,0.0,0.31500998,0.69263,0.0139,0.23715,0.133,0.141,142.0,buy,2.0
2026-04-14 16:05:04,Global,005930.KS,005930.KS,2026-04-14 02:00:00,208750.0,209000.0,207000.0,207000.0,2394714.0,206500.0,201000.0,208000.0,210000.0,205500.0,23672078.0,1362556075695500.0,185969.0,115787.43718592965,223000.0,53700.0,KRW,KSC,SamsungElec,Technology,Consumer Electronics,South Korea,1.211,,7.1882157,,1.13,0.2526,0.0,0.0,0.0,31084868.0,29740321.0,5795963304.0,5456638254.0,,0.13267,0.26756,0.21322,0.39379,0.0504,0.10783,0.238,1.622,239873.48,none,
2026-04-14 16:05:04,Global,2222.SR,2222.SR,2026-04-14 08:00:00,27.399999618530273,27.399999618530273,27.219999313354492,27.360000610351562,4892570.0,27.360000610351562,27.559999465942383,27.559999465942383,27.559999465942383,27.219999313354492,15109225.0,6618586611648.56,26.350000038146973,24.963999977111815,27.760000228881836,23.040000915527344,SAR,SAU,Saudi Arabian Oil Co.,Energy,Oil & Gas Integrated,Saudi Arabia,-0.01,19.0,16.383234,4.4357977,4.92,0.91059995,27.28,27.36,15109225.0,14871582.0,16601304.0,241907400000.0,5989627224.0,6.168,0.20826,0.49370998,0.42664,0.55733,0.18552,0.20764999,-0.029,-0.195,28.883,buy,2.23529
2026-04-14 16:05:04,Global,9988.HK,9988.HK,2026-04-14 04:30:00,124.9000015258789,125.0999984741211,124.5,124.5,7577370.0,124.5,123.19999694824219,125.5,126.80000305175781,123.19999694824219,52390198.0,2382189379131.0,140.26599945068358,142.1830001449585,186.1999969482422,101.80000305175781,HKD,HKG,BABA-W,Consumer Cyclical,Internet Retail,Hong Kong,0.489,22.392086,15.966107,1.9382261,0.84,0.19450001,124.9,124.6,52280898.0,86028713.0,89819414.0,19134051238.0,17578696960.0,64.23399,0.08912,0.13638,0.07078,0.40755,0.03134,0.082329996,0.017,-0.709,185.19066,strong_buy,1.27273
2026-04-14 16:05:04,Global,AAPL,AAPL,2026-04-14 15:30:00,258.7799987792969,258.80999755859375,257.75,257.9700012207031,1617273.0,257.9750061035156,259.3395,259.1000061035156,261.92999267578125,257.1900939941406,25635444.0,3791697549559.021,260.89580017089844,250.92264938354492,288.6199951171875,189.80999755859375,USD,NMS,Apple Inc.,Technology,Consumer Electronics,United States,1.109,32.61378,27.702816,43.01017,0.4,0.1304,257.54,262.98,25635307.0,47031095.0,38751350.0,14681140000.0,14656035251.0,5.998,0.27037,0.35099998,0.35374,0.47325,0.24377,1.5202099,0.157,0.183,296.3305,buy,1.89583
2026-04-14 16:05:04,Global,AMD,AMD,2026-04-14 15:30:00,253.4250030517578,254.41000366210938,253.30569458007812,254.41000366210938,1267297.0,254.41000366210938,246.7435,249.97999572753906,254.41000366210938,245.70010375976562,18861254.0,414792828792.78284,209.24399993896483,199.93064979553222,267.0799865722656,83.75,USD,NMS,"Advanced Micro Devices, Inc.",Technology,Semiconductors,United States,1.963,97.10306,23.485678,6.582406,,0.0,237.47,254.31,18861254.0,37924858.0,34175360.0,1630338779.0,1621476192.0,38.65,0.12515001,0.19472,0.17059,0.52493,0.032,0.07082,0.341,2.171,289.34784,buy,1.57143
2026-04-14 16:05:04,Global,AMZN,AMZN,2026-04-14 15:30:00,249.5500030517578,249.6300048828125,248.39999389648438,248.5449981689453,5772820.0,248.54010009765625,239.85,241.77999877929688,252.17999267578125,241.77999877929688,55273921.0,2672862818598.86,213.3658004760742,224.99694999694825,258.6000061035156,165.2899932861328,USD,NMS,"Amazon.com, Inc.",Consumer Cyclical,Internet Retail,United States,1.383,34.664574,26.484516,6.488409,,0.0,245.0,250.0,55277163.0,51245643.0,45183710.0,10754251799.0,9756218134.0,38.306,0.108339995,0.20327,0.10533,0.50286,0.06928,0.22286,0.136,0.05,281.1797,strong_buy,1.33824
2026-04-14 16:05:04,Global,ASML,ASML,2026-04-14 15:30:00,1516.5400390625,1518.6400146484375,1515.010009765625,1518.6400146484375,61582.0,1518.6400146484375,1506.49,1528.239990234375,1531.97998046875,1496.97998046875,1340198.0,596307189621.5962,1393.501806640625,1070.9666986083985,1547.219970703125,614.0599975585938,USD,NMS,ASML Holding N.V. - New York Re,Technology,Semiconductor Equipment & Materials,Netherlands,1.382,52.45734,33.690434,25.786688,0.59,0.266,1513.3,1502.8,1340198.0,1820295.0,1740570.0,385417665.0,385294331.0,58.892403,0.29416,0.37549,0.35304,0.52830005,0.14247,0.50458,0.049,0.072,1510.8795,strong_buy,1.5
2026-04-14 16:05:04,Global,AVGO,AVGO,2026-04-14 15:30:00,379.9501037597656,380.0299987792969,378.2699890136719,379.5,691166.0,379.2699890136719,379.5,377.8999938964844,382.2799987792969,376.32000732421875,13945543.0,1798222861657.5403,327.59340026855466,330.70850036621096,414.6099853515625,161.61000061035156,USD,NMS,Broadcom Inc.,Technology,Semiconductors,United States,1.253,73.96881,21.16908,22.499851,0.68,0.47169998,379.5,382.0,13947393.0,26673815.0,24208450.0,4734668184.0,4675768912.0,16.865,0.36571997,0.54506,0.44943002,0.76725996,0.10663,0.33370999,0.295,0.316,472.92395,strong_buy,1.26531
2026-04-14 16:05:04,Global,BABA,BABA,2026-04-14 15:30:00,130.52000427246094,130.8199005126953,130.47999572753906,130.80999755859375,345259.0,130.80999755859375,128.7,128.47000122070312,132.86990356445312,128.52699279785156,9310910.0,312865649498.80096,140.708399810791,146.57709964752198,192.6699981689453,103.70999908447266,USD,NYQ,Alibaba Group Holding Limited,Consumer Cyclical,Internet Retail,Hong Kong,0.489,23.070545,17.388784,2.0136085,0.82,0.19450001,130.53,130.54,9310998.0,11184751.0,9321590.0,2391756405.0,17578696960.0,64.962975,0.08912,0.13638,0.07078,0.40755,0.03134,0.082329996,0.017,-0.709,189.07274,strong_buy,1.39024
2026-04-14 16:05:04,Global,BAC,BAC,2026-04-14 15:30:00,53.30500030517578,53.38690185546875,53.25,53.3400993347168,1496313.0,53.3400993347168,53.4,53.099998474121094,53.56999969482422,52.79499816894531,18909234.0,382804939841.4909,50.68500022888183,51.022100086212156,57.54999923706055,36.4900016784668,USD,NYQ,Bank of America Corporation,Financial Services,Banks - Diversified,United States,1.237,14.000027,10.70128,1.3875835,2.1,0.28350002,53.31,53.32,18909234.0,41172051.0,33143440.0,7145709181.0,7149195477.0,38.441,0.28401,0.0,0.41627997,0.0,0.00914,0.10217,0.072,0.212,60.27083,strong_buy,1.5
2026-04-14 16:05:04,Global,BRK-B,BRK-B,2026-04-14 15:30:00,477.2998962402344,477.6991882324219,476.989990234375,477.3599853515625,191826.0,477.3599853515625,480.5,479.80999755859375,480.3999938964844,476.0,2672208.0,1029603918512.4097,489.53060119628907,490.38874969482424,542.0700073242188,455.19000244140625,USD,NYQ,Berkshire Hathaway Inc. New,Financial Services,Insurance - Diversified,United States,0.699,15.388781,21.94562,0.00095727976,,0.0,477.1,477.25,2672220.0,4799470.0,3829630.0,1390722404.0,1235265.0,498663.0,0.18029,0.29774,0.32956,0.26146,0.051090002,0.09809,-0.007,-0.025,523.0,buy,2.0
2026-04-14 16:05:04,Global,COST,COST,2026-04-14 15:30:00,975.0399780273438,976.0,974.39501953125,975.2999877929688,75012.0,975.2999877929688,981.8,974.010009765625,976.0,966.0,1171930.0,432905831129.9722,993.2587976074219,949.1403497314453,1067.0799560546875,844.0599975585938,USD,NMS,Costco Wholesale Corporation,Consumer Defensive,Discount Stores,United States,0.978,50.74402,43.412018,26.162884,0.53,0.27040002,980.74,983.76,1171930.0,2069823.0,1933700.0,443652540.0,440920691.0,37.278,0.029860001,0.047020003,0.036730003,0.12926,0.08718,0.29650998,0.215,0.455,1067.9375,buy,1.94595
2026-04-14 16:05:04,Global,CVX,CVX,2026-04-14 15:30:00,185.58999633789062,186.4499969482422,185.58999633789062,186.23989868164062,612368.0,186.23989868164062,191.48,188.60000610351562,189.16000366210938,184.60000610351562,7616319.0,370971030882.3214,191.23659912109375,163.87159973144531,214.7100067138672,132.3300018310547,USD,NYQ,Chevron Corporation,Energy,Oil & Gas Integrated,United States,0.587,28.048178,17.40194,1.9780139,3.71,1.0317,186.22,186.24,7616319.0,12779173.0,13428060.0,1991898801.0,1853872797.0,94.155,0.06661,0.20379,0.09462,0.41896,0.03794,0.07231,-0.082,-0.238,207.95833,buy,1.96154
2026-04-14 16:05:04,Global,GOOGL,GOOGL,2026-04-14 15:30:00,331.56500244140625,332.2049865722656,331.4200134277344,332.2049865722656,1072234.0,332.2049865722656,321.35,324.8599853515625,333.2799987792969,323.75,18896545.0,4018683722564.6973,308.0063983154297,269.3019495391846,349.0,146.10000610351562,USD,NMS,Alphabet Inc.,Communication Services,Internet Content & Information,United States,1.128,30.75972,24.711271,9.670334,0.26,0.076799996,330.02,334.98,18896581.0,33563630.0,27378720.0,5822000000.0,10833589320.0,34.353,0.32810003,0.37278998,0.31568,0.59652,0.15427,0.35705003,0.18,0.311,375.9325,strong_buy,1.37313
2026-04-14 16:05:04,Global,JNJ,JNJ,2026-04-14 15:30:00,241.19500732421875,241.20030212402344,240.50999450683594,240.6300048828125,356081.0,240.6300048828125,238.71,235.00999450683594,242.19000244140625,233.25,6468604.0,579893992736.7646,240.87920074462892,201.06,251.7100067138672,146.1199951171875,USD,NYQ,Johnson & Johnson,Healthcare,Drug Manufacturers - General,United States,0.329,21.796196,19.11511,7.105566,2.19,0.466,240.92,241.06,6468604.0,8628568.0,6867620.0,2408613219.0,2406091296.0,33.865,0.28456,0.35922,0.23966,0.68081003,0.086780004,0.35029998,0.091,0.486,241.91667,buy,2.12
2026-04-14 16:05:04,Global,JPM,JPM,2026-04-14 15:30:00,311.7749938964844,312.5,311.57000732421875,312.1700134277344,372026.0,312.1700134277344,313.0284,309.82000732421875,314.32000732421875,308.8699951171875,6799902.0,841932632718.7843,299.54900146484374,303.26050048828125,337.25,226.33999633789062,USD,NYQ,JP Morgan Chase & Co.,Financial Services,Banks - Diversified,United States,1.043,15.6007,13.326896,2.4582639,1.91,0.2897,311.97,312.0,6799902.0,10704981.0,8917880.0,2682219629.0,2682522341.0,126.988,0.3391,0.0,0.41062,0.0,0.01354,0.16134001,0.025,-0.036,334.43478,buy,2.19231
2026-04-14 16:05:04,Global,LLY,LLY,2026-04-14 15:30:00,926.8900146484375,926.9000244140625,915.0399780273438,923.8250122070312,246044.0,923.8250122070312,929.6,925.0,939.9299926757812,915.0399780273438,1437696.0,826840714111.0469,984.0140063476563,902.6989028930664,1133.949951171875,623.780029296875,USD,NYQ,Eli Lilly and Company,Healthcare,Drug Manufacturers - General,United States,0.504,40.236282,21.987091,31.15242,0.67,0.26139998,918.38,919.05,1437696.0,3157243.0,2836400.0,893357420.0,890990023.0,29.655,0.31667,0.48625,0.44896,0.83044,0.19415002,1.01159,0.426,0.514,1209.6897,buy,1.70968
2026-04-14 16:05:04,Global,MA,MA,2026-04-14 15:30:00,510.82000732421875,511.1700134277344,510.3500061035156,510.9800109863281,119834.0,510.9800109863281,510.0,508.0,513.97998046875,506.69000244140625,1845890.0,456017807866.313,514.2303991699218,551.5935980224609,601.77001953125,480.5,USD,NYQ,Mastercard Incorporated,Financial Services,Credit Services,United States,0.831,30.91228,22.546625,59.04553,0.68,0.184,510.5,510.59,1845907.0,3860641.0,3497460.0,885216386.0,883991117.0,8.654,0.45646998,0.62651,0.57733,1.0,0.23719999,2.09915,0.176,0.242,657.1143,strong_buy,1.34211
2026-04-14 16:05:04,Global,META,META,2026-04-14 15:30:00,660.1199951171875,661.822509765625,660.010009765625,661.6849975585938,651786.0,661.6849975585938,638.1,643.0120239257812,666.260009765625,639.3704833984375,12496958.0,1673768901021.1675,631.5323974609375,682.3433990478516,796.25,479.79998779296875,USD,NMS,"Meta Platforms, Inc.",Communication Services,Internet Content & Information,United States,1.309,28.180792,18.512487,7.7059293,0.33,0.08939999,661.57,661.86,12496960.0,16343945.0,18574960.0,2187177748.0,2183917005.0,85.867,0.30084,0.50701,0.41314998,0.81999,0.16212,0.30238,0.238,0.107,855.6793,strong_buy,1.34328
2026-04-14 16:05:04,Global,MSFT,MSFT,2026-04-14 15:30:00,391.27508544921875,392.30999755859375,390.92999267578125,391.5899963378906,2118461.0,391.5965881347656,386.66,387.8399963378906,394.69000244140625,386.5199890136719,26046225.0,2910493731818.667,392.9011993408203,473.63379974365233,555.4500122070312,355.6700134277344,USD,NMS,Microsoft Corporation,Technology,Software - Infrastructure,United States,1.107,24.489368,20.71061,7.442459,0.95,0.21280001,391.37,396.98,26048180.0,37192693.0,30832210.0,7425629076.0,7414787658.0,52.615,0.39044,0.57377,0.47094002,0.68586,0.1486,0.34390998,0.167,0.598,585.4065,strong_buy,1.27586
2026-04-14 16:05:04,Global,NVDA,NVDA,2026-04-14 15:30:00,194.5749969482422,195.5596923828125,194.56500244140625,195.5500030517578,9784592.0,195.5500030517578,189.0065,190.8300018310547,195.61990356445312,190.8000030517578,114339763.0,4752842824172.974,182.01379974365236,180.91690040588378,212.19000244140625,95.04000091552734,USD,NMS,NVIDIA Corporation,Technology,Semiconductors,United States,2.335,39.910183,17.540642,30.216301,0.02,0.0082,191.82,195.91,114338241.0,179173626.0,152104550.0,24300000000.0,23321925000.0,6.472,0.55603004,0.61698,0.65024,0.71068,0.51188,1.01485,0.732,0.956,268.22195,strong_buy,1.28333
2026-04-14 16:05:04,Global,ORCL,ORCL,2026-04-14 15:30:00,162.33999633789062,162.83999633789062,161.7200927734375,162.47500610351562,2205770.0,162.47500610351562,158.88,167.92999267578125,169.39999389648438,161.55999755859375,49802173.0,467285591403.9917,150.36439880371094,216.24504928588868,345.7200012207031,121.23999786376953,USD,NYQ,Oracle Corporation,Technology,Software - Infrastructure,United States,1.597,29.166965,20.376986,13.925939,1.29,0.35909998,161.78,161.79,49802302.0,28164410.0,23889000.0,2876046000.0,1708975294.0,11.666,0.25298,0.42826,0.32676,0.67084,0.06335,0.57572,0.217,0.245,246.45872,buy,1.61364
2026-04-14 16:05:04,Global,PG,PG,2026-04-14 15:30:00,144.4199981689453,144.55999755859375,144.27999877929688,144.4949951171875,228793.0,144.4949951171875,143.61,143.24000549316406,144.69000244140625,142.8000030517578,3051380.0,338188406504.5393,152.88760070800782,151.54755043029786,171.64999389648438,137.6199951171875,USD,NYQ,Procter & Gamble Company (The),Consumer Defensive,Household & Personal Products,United States,0.403,21.406666,19.890318,6.4239984,2.94,0.6188,144.35,144.38,3051380.0,11207803.0,8461130.0,2336733549.0,2319794244.0,22.493,0.19299999,0.29047,0.26297,0.51189,0.10898,0.31562,0.015,-0.054,164.95454,buy,2.08333
2026-04-14 16:05:04,Global,SAP,SAP,2026-04-14 15:30:00,167.4600067138672,167.92999267578125,167.19000244140625,167.66000366210938,79984.0,167.66000366210938,171.5,170.00999450683594,171.7449951171875,166.94000244140625,2334493.0,197152726676.48343,189.3801998901367,245.72855026245117,313.2799987792969,160.66000366210938,USD,NYQ,SAP  SE,Technology,Software - Application,Germany,0.762,23.416203,16.780817,3.7936125,1.75,0.38,167.26,167.34,2334493.0,3301785.0,3127470.0,1167559048.0,1042910444.0,44.195343,0.19459,0.30527002,0.29213,0.73764,0.090059996,0.16122,0.033,0.05,290.16666,buy,1.625
2026-04-14 16:05:04,Global,TM,TM,2026-04-14 15:30:00,211.9199981689453,212.11199951171875,211.8300018310547,212.11199951171875,9152.0,212.11199951171875,211.46,210.85000610351562,212.33999633789062,210.02000427246094,128991.0,276465337165.64154,224.32779876708983,205.1135498046875,248.89999389648438,167.17999267578125,USD,NYQ,Toyota Motor Corporation,Consumer Cyclical,Auto Manufacturers,Japan,0.357,11.896355,13.441825,18.074629,2.72,0.33200002,211.75,211.91,128991.0,306290.0,296670.0,1303393197.0,9737764559.0,11.735345,0.073249996,0.12299,0.08851,0.17597,0.0273,0.10032,0.086,-0.423,257.23853,none,
2026-04-14 16:05:04,Global,TSLA,TSLA,2026-04-14 15:30:00,363.6199951171875,365.07000732421875,363.30999755859375,364.9849853515625,2863088.0,364.9849853515625,353.2922,357.3550109863281,367.6300048828125,354.7699890136719,46870021.0,1369581332712.9746,393.02299926757814,397.47794998168945,498.8299865722656,222.7899932861328,USD,NMS,"Tesla, Inc.",Consumer Cyclical,Auto Manufacturers,United States,1.915,337.99072,131.69658,16.67032,,0.0,364.79,364.45,46871465.0,61690690.0,68315530.0,3752431984.0,2812672918.0,21.897,0.040009998,0.11076,0.047030002,0.18027,0.02095,0.049250003,-0.031,-0.606,415.2966,buy,2.4375
2026-04-14 16:05:04,Global,TSM,TSM,2026-04-14 15:30:00,380.1099853515625,381.3500061035156,380.1099853515625,381.3500061035156,579942.0,381.3500061035156,371.6,379.0400085449219,382.1600036621094,373.2200012207031,10061844.0,1977873676796.3137,351.1738012695312,294.6948001098633,390.2099914550781,145.83999633789062,USD,NYQ,Taiwan Semiconductor Manufactur,Technology,Semiconductors,Taiwan,1.251,36.59789,20.687553,58.334003,0.95,0.2873,380.48,380.63,10061852.0,13820563.0,11927470.0,5186504904.0,24178188751.0,6.5373535,0.45099998,0.68633,0.53916,0.59891,0.16555001,0.35064,0.205,0.35,439.54056,strong_buy,1.42105
2026-04-14 16:05:04,Global,UNH,UNH,2026-04-14 15:30:00,314.1499938964844,314.5,313.89678955078125,314.45001220703125,177561.0,314.45001220703125,312.77,312.510009765625,319.6099853515625,312.510009765625,3704119.0,285418678653.57733,283.5977990722656,312.52614929199217,594.8099975585938,234.60000610351562,USD,NYQ,UnitedHealth Group Incorporated,Healthcare,Healthcare Plans,United States,0.408,23.750002,15.615844,3.0272255,2.82,0.65989995,314.07,314.1,3704119.0,10150695.0,8658180.0,907675839.0,899996901.0,103.874,0.02694,0.04832,0.00336,0.18526,0.039,0.12538,0.123,-0.999,360.96155,buy,1.72414
2026-04-14 16:05:04,Global,V,V,2026-04-14 15:30:00,310.6600036621094,310.8599853515625,310.260009765625,310.6499938964844,217443.0,310.6499938964844,309.28,308.4700012207031,312.1199951171875,307.5,3431067.0,598945490282.8302,313.25559692382814,335.2790478515625,375.510009765625,293.8900146484375,USD,NYQ,Visa Inc.,Financial Services,Credit Services,United States,0.799,29.196426,21.365435,15.506139,0.87,0.2291,310.43,310.55,3431067.0,7732671.0,6524130.0,1681093942.0,1739792978.0,20.034,0.50233,0.70032,0.68296,0.97777003,0.18364,0.53954,0.146,0.174,394.85742,strong_buy,1.33333
2026-04-14 16:05:04,Global,WMT,WMT,2026-04-14 15:30:00,124.80000305175781,125.06999969482422,124.75499725341797,125.00499725341797,574016.0,125.00499725341797,124.65,123.12000274658203,125.06999969482422,122.54499816894531,7892452.0,996590152740.6476,125.54339981079102,110.15374988555908,134.69000244140625,90.61000061035156,USD,NMS,Walmart Inc.,Consumer Defensive,Discount Stores,United States,0.661,45.789375,38.0564,9.999599,0.79,0.3443,125.0,129.59,7892466.0,29848153.0,16005400.0,7972402501.0,4375095044.0,12.501,0.0307,0.061739996,0.04567,0.24927,0.06834,0.21847,0.056,-0.19,136.43903,strong_buy,1.44186
2026-04-14 16:05:04,Global,XOM,XOM,2026-04-14 15:30:00,147.8699951171875,148.6199951171875,147.8300018310547,148.46499633789062,871692.0,148.46499633789062,152.39,150.06500244140625,150.06500244140625,146.7200927734375,12151756.0,617103578326.1998,154.19619903564453,125.159349899292,176.41000366210938,101.19000244140625,USD,NYQ,Exxon Mobil Corporation,Energy,Oil & Gas Integrated,United States,0.288,22.158955,15.10118,2.3919346,2.7,0.597,148.33,148.35,12152051.0,23095911.0,26361490.0,4156559415.0,4158138253.0,62.069,0.089049995,0.18334,0.09527001,0.31049,0.04902,0.110810004,-0.013,-0.11,162.70833,buy,2.30769
2026-04-15 10:33:18,B3,ABEV3,ABEV3.SA,2026-04-15 10:00:00,15.84000015258789,15.90999984741211,15.779999732971191,15.899999618530273,132800.0,15.899999618530273,15.90999984741211,15.84000015258789,15.90999984741211,15.779999732971191,235300.0,248306608915.57568,15.49520004272461,13.657899990081788,16.770000457763672,11.680000305175781,BRL,SAO,AMBEV S/A   ON  ATZ,Consumer Defensive,Beverages - Brewers,Brazil,0.31,16.060606,14.153211,2.8241563,15.02,1.7388,15.89,15.91,235300.0,27644748.0,24442566.0,15596694040.0,4227862084.0,5.63,0.17569,0.30844998,0.28194,0.51425,0.091359995,0.16976999,-0.082,-0.101,15.34444,hold,3.11111
2026-04-15 10:33:18,B3,AGRO3,AGRO3.SA,2026-04-15 10:00:00,20.450000762939453,20.5,20.3799991607666,20.3799991607666,6400.0,20.3799991607666,20.469999313354492,20.450000762939453,20.5,20.3799991607666,7700.0,2030162950.4393806,21.020400047302246,20.46100001335144,22.75,18.59000015258789,BRL,SAO,BRASILAGRO  ON      NM,Consumer Defensive,Farm Products,Brazil,0.157,,8.151999,0.9769426,3.68,1.1292,20.37,20.41,7700.0,218143.0,221611.0,99615457.0,46594134.0,20.861,-0.0016300001,-0.09711,-0.08424,0.043920003,-0.01319,-0.00074,0.248,,23.83333,none,
2026-04-15 10:33:18,B3,ASAI3,ASAI3.SA,2026-04-15 10:00:00,10.039999961853027,10.140000343322754,10.010000228881836,10.069999694824219,756600.0,10.069999694824219,10.149999618530273,10.039999961853027,10.140000343322754,10.010000228881836,871700.0,13511421506.470413,8.813799915313721,9.04629995584488,12.039999961853027,6.909999847412109,BRL,SAO,ASSAI       ON      NM,Consumer Defensive,Grocery Stores,Brazil,0.361,14.808823,8.873966,2.4329548,1.17,0.1583,10.07,10.08,871700.0,15680750.0,11855030.0,1341749942.0,1138962519.0,4.139,0.00643,0.06767,0.058569998,0.17014,0.05505,0.09196,0.031,-0.979,11.50714,buy,1.86667
2026-04-15 10:33:18,B3,B3SA3,B3SA3.SA,2026-04-15 10:00:00,19.68000030517578,19.760000228881836,19.549999237060547,19.6200008392334,886900.0,19.6200008392334,19.65999984741211,19.68000030517578,19.760000228881836,19.549999237060547,1131900.0,98311499388.23357,17.665800094604492,14.598350024223327,19.739999771118164,11.960000038146973,BRL,SAO,B3          ON  EJ  NM,Financial Services,Financial Data & Stock Exchanges,Brazil,0.249,23.638556,16.011753,5.6639724,3.08,0.71239996,19.64,19.63,1132000.0,44185066.0,42255011.0,5010779571.0,,3.464,0.45544997,0.67509,0.65740997,0.95489,0.08862001,0.25591,0.105,-0.169,19.17857,buy,2.0
2026-04-15 10:33:18,B3,BBAS3,BBAS3.SA,2026-04-15 10:00:00,25.040000915527344,25.290000915527344,24.719999313354492,24.75,2606400.0,24.780000686645508,25.389999389648438,25.040000915527344,25.290000915527344,24.719999313354492,3721400.0,141453615963.43225,24.819599952697754,22.25609999656677,30.040000915527344,18.1200008392334,BRL,SAO,BRASIL      ON      NM,Financial Services,Banks - Regional,Brazil,0.406,10.320833,4.5957947,0.7692785,1.11,0.20709999,24.75,24.77,3715400.0,31813645.0,22297522.0,5708378210.0,2586922848.0,32.199,0.24109,0.0,0.18375,0.0,0.00865,0.1106,-0.343,-0.544,26.93846,hold,2.69231
2026-04-15 10:33:18,B3,BBDC3,BBDC3.SA,2026-04-15 10:00:00,17.889999389648438,18.030000686645508,17.8700008392334,18.0,131600.0,18.0,18.010000228881836,17.889999389648438,18.030000686645508,17.8700008392334,148000.0,204257694582.0,17.42239995956421,15.692950015068055,18.979999542236328,11.289999961853027,BRL,SAO,BRADESCO    ON  EJ  N1,Financial Services,Banks - Regional,Brazil,0.363,8.450704,,1.0671093,1.15,0.613,18.02,18.01,148000.0,8149866.0,8853188.0,5293220781.0,7558861646.0,16.868,0.26519,0.0,0.2481,0.0,0.010880001,0.13754,0.06,0.572,,none,
2026-04-15 10:33:18,B3,BBDC4,BBDC4.SA,2026-04-15 10:00:00,20.65999984741211,20.889999389648438,20.610000610351562,20.84000015258789,908200.0,20.84000015258789,20.729999542236328,20.65999984741211,20.889999389648438,20.610000610351562,1033600.0,220293640276.48267,20.1403999710083,18.265250000953674,22.1200008392334,12.600000381469727,BRL,SAO,BRADESCO    PN  EJ  N1,Financial Services,Banks - Regional,Brazil,0.363,9.784037,6.8872075,1.2354754,1.1,0.6743,20.84,20.86,1033600.0,38353170.0,36978200.0,5277491247.0,7558861646.0,16.868,0.26519,0.0,0.2481,0.0,0.010880001,0.13754,0.06,0.572,21.84615,none,
2026-04-15 10:33:18,B3,BPAC11,BPAC11.SA,2026-04-15 10:00:00,63.29999923706055,63.630001068115234,62.720001220703125,63.41999816894531,147200.0,63.41999816894531,63.369998931884766,63.29999923706055,63.630001068115234,62.720001220703125,179000.0,211955675015.96082,58.60199989318848,50.66759994506836,64.30000305175781,33.709999084472656,BRL,SAO,BTGP BANCO  UNT ATZ N2,Financial Services,Capital Markets,Brazil,0.471,103.289894,10.566072,4.3620605,2.21,,63.46,63.49,179000.0,10448331.0,9436870.0,3342095256.0,2819584803.0,14.539,0.38164002,0.0,0.44472,0.0,0.02307,0.23868,0.187,0.409,65.04615,buy,1.61538
2026-04-15 10:33:18,B3,CCRO3,CCRO3.SA,,,,,,,,,,,,,,,,,,,,,,,,,,,,,,,,,,,,,,,,,,,,,,,,
2026-04-15 10:33:18,B3,CPFE3,CPFE3.SA,2026-04-15 10:00:00,56.15999984741211,56.15999984741211,55.529998779296875,55.65999984741211,23200.0,55.65999984741211,56.060001373291016,56.15999984741211,56.15999984741211,55.529998779296875,33100.0,64134481954.579926,49.50120002746582,44.84615005493164,56.34000015258789,36.060001373291016,BRL,SAO,CPFL ENERGIAON      NM,Utilities,Utilities - Regulated Electric,Brazil,0.27,11.693276,12.923358,2.8517268,6.66,0.587,55.64,55.67,33100.0,1999740.0,2067266.0,1152254440.0,187736816.0,19.518,0.12361,0.30323,0.23545,0.31718,0.087340005,0.25354,-0.009,0.023,47.08538,hold,3.23077
2026-04-15 10:33:18,B3,CPLE6,CPLE6.SA,,,,,,,,,,,,,,,,,,,,,,,,,,,,,,,,,,,,,,,,,,,,,,,,
2026-04-15 10:33:18,B3,CSAN3,CSAN3.SA,2026-04-15 10:00:00,5.489999771118164,5.550000190734863,5.460000038146973,5.510000228881836,489300.0,5.519999980926514,5.489999771118164,5.489999771118164,5.550000190734863,5.460000038146973,567900.0,21632617846.691914,5.758399982452392,5.967299993038178,8.779999732971191,4.920000076293945,BRL,SAO,COSAN       ON      NM,Energy,Oil & Gas Refining & Marketing,Brazil,0.729,,3.8146048,4.119403,,0.0,5.51,5.52,567900.0,35133455.0,26090566.0,3918952522.0,1990681916.0,1.34,-0.24054001,0.34592,0.30708998,0.32598,0.048449997,-0.28958,0.265,,7.47778,buy,2.0
2026-04-15 10:33:18,B3,CSNA3,CSNA3.SA,2026-04-15 10:00:00,6.630000114440918,6.739999771118164,6.610000133514404,6.690000057220459,597300.0,6.699999809265137,6.639999866485596,6.630000114440918,6.739999771118164,6.610000133514404,702600.0,8884829191.967651,7.632199954986572,8.237199988365173,11.319999694824219,5.670000076293945,BRL,SAO,SID NACIONALON,Basic Materials,Steel,Brazil,1.521,,-7.710749,0.68898046,15.64,0.0,6.7,6.71,706200.0,15492765.0,10889890.0,1326093947.0,594952049.0,9.71,-0.044699997,0.17889,0.04932,0.26138002,0.02558,-0.096599996,-0.052,,8.98462,underperform,3.53846
2026-04-15 10:33:18,B3,CYRE3,CYRE3.SA,2026-04-15 10:00:00,27.850000381469727,28.09000015258789,27.670000076293945,27.700000762939453,138300.0,27.670000076293945,28.030000686645508,27.850000381469727,28.09000015258789,27.670000076293945,195400.0,10136817533.470047,28.980799903869627,28.900499982833864,39.060001373291016,23.6299991607666,BRL,SAO,CYRELA REALTON      NM,Consumer Cyclical,Residential Construction,Brazil,0.302,6.0612693,4.821441,0.9921204,13.57,0.83129996,27.71,27.7,198800.0,6255386.0,6856400.0,366346855.0,236483016.0,27.92,0.21247,0.16306,0.17398001,0.32868,0.03879,0.22374001,0.242,0.164,38.13846,strong_buy,1.46154
2026-04-15 10:33:18,B3,ECOR3,ECOR3.SA,2026-04-15 10:00:00,10.199999809265137,10.369999885559082,10.079999923706055,10.270000457763672,410500.0,10.270000457763672,10.199999809265137,10.199999809265137,10.369999885559082,10.079999923706055,420400.0,7144030309.450127,9.809800024032592,8.896600003242492,12.380000114440918,5.739999771118164,BRL,SAO,ECORODOVIAS ON      NM,Industrials,Infrastructure Operations,Brazil,0.733,8.086615,12.784286,1.7412684,3.02,0.24219999,10.27,10.3,420400.0,8365253.0,9521100.0,695621226.0,329007971.0,5.898,0.07689,0.45449,0.30683002,0.38756,0.07679,0.21511999,0.21,-0.26,13.13846,buy,1.84615
2026-04-15 10:33:18,B3,ELET3,ELET3.SA,,,,,,,,,,,,,,,,,,,,,,,,,,,,,,,,,,,,,,,,,,,,,,,,
2026-04-15 10:33:18,B3,ELET6,ELET6.SA,,,,,,,,,,,,,,,,,,,,,,,,,,,,,,,,,,,,,,,,,,,,,,,,
2026-04-15 10:33:18,B3,EMBR3,EMBR3.SA,,,,,,,,,,,,,,,,,,,,,,,,,,,,,,,,,,,,,,,,,,,,,,,,
2026-04-15 10:33:18,B3,ENGI11,ENGI11.SA,2026-04-15 10:00:00,58.470001220703125,58.470001220703125,58.0099983215332,58.13999938964844,51100.0,58.13999938964844,58.130001068115234,58.470001220703125,58.470001220703125,58.0099983215332,55200.0,26577564490.96971,52.6539998626709,47.43181776046753,58.63999938964844,38.12727355957031,BRL,SAO,ENERGISA    UNT     N2,Utilities,Utilities - Regulated Electric,Brazil,0.21,42.130436,13.975962,1.0525173,5.63,,58.1,58.13,55200.0,3245816.0,3494270.0,457130457.0,327677966.0,55.239,0.062480003,0.23688,0.11542,0.24744,0.050029997,0.14495,-0.028,-0.553,62.69559,buy,1.53846
2026-04-15 10:33:18,B3,EZTC3,EZTC3.SA,2026-04-15 10:00:00,15.800000190734863,16.020000457763672,15.710000038146973,15.84000015258789,34600.0,15.84000015258789,15.800000190734863,15.800000190734863,16.020000457763672,15.710000038146973,42900.0,4393835894.0061455,14.800400047302245,13.46191740512848,16.71967315673828,9.995628356933594,BRL,SAO,EZTEC       ON      NM,Real Estate,Real Estate - Development,Brazil,0.563,8.380953,6.423514,0.8733529,7.69,0.6447,15.85,15.87,42900.0,2132936.0,2010690.0,277388627.0,108516719.0,18.137,0.35694999,0.25906,0.24354,0.41674998,0.03442,0.10949001,-0.369,-0.097,18.41818,hold,2.54545
2026-04-15 10:33:18,B3,FLRY3,FLRY3.SA,2026-04-15 10:00:00,17.559999465942383,17.639999389648438,17.5,17.579999923706055,18500.0,17.579999923706055,17.670000076293945,17.559999465942383,17.639999389648438,17.5,31700.0,9556927124.504705,16.452400112152098,15.314350028038024,18.100000381469727,12.039999961853027,BRL,SAO,FLEURY      ON      NM,Healthcare,Diagnostics & Research,Brazil,0.35,15.696428,12.119707,1.9156587,10.69,1.4958,17.56,17.58,31700.0,3195370.0,2673800.0,543624980.0,242025020.0,9.177,0.07391,0.22143,0.1094,0.26607,0.0596,0.113970004,0.12,0.146,17.48182,buy,2.27273
2026-04-15 10:33:18,B3,GGBR4,GGBR4.SA,2026-04-15 10:00:00,21.530000686645508,21.790000915527344,21.510000228881836,21.649999618530273,148100.0,21.649999618530273,21.600000381469727,21.530000686645508,21.790000915527344,21.510000228881836,436600.0,42595832609.76785,20.160400009155275,18.747250022888185,24.079999923706055,14.479999542236328,BRL,SAO,GERDAU      PN      N1,Basic Materials,Steel,Brazil,0.89,31.376812,8.016618,0.7980096,1.85,0.8986,21.64,21.67,436600.0,12971815.0,13803155.0,1250263163.0,1270866834.0,27.13,0.01985,0.12577,0.07026,0.11405,0.04153,0.025339998,0.009,,24.53333,buy,1.6
2026-04-15 10:33:18,B3,HAPV3,HAPV3.SA,2026-04-15 10:00:00,12.760000228881836,12.760000228881836,12.760000228881836,12.760000228881836,0.0,12.760000228881836,13.039999961853027,13.050000190734863,13.050000190734863,12.699999809265137,550400.0,6061767482.372637,10.527999992370605,23.92334997177124,44.849998474121094,7.0,BRL,SAO,HAPVIDA     ON      NM,Financial Services,Insurance - Life,Brazil,0.098,,5.678683,0.1255473,,0.0,12.8,12.77,550400.0,11900575.0,14490633.0,475060139.0,232036504.0,101.635,-0.00449,0.084910005,0.03823,0.11792,0.01355,-0.0029300002,0.065,,15.5,hold,2.92308
2026-04-15 10:33:18,B3,INTB3,INTB3.SA,2026-04-15 10:00:00,14.449999809265137,14.449999809265137,14.260000228881836,14.279999732971191,44500.0,14.279999732971191,14.380000114440918,14.449999809265137,14.449999809265137,14.260000228881836,49300.0,4673161842.694225,13.621199932098389,12.892799978256226,16.809999465942383,10.489999771118164,BRL,SAO,INTELBRAS   ON      NM,Technology,Communication Equipment,Brazil,0.053,9.648648,7.056905,1.5623631,9.74,0.9478,14.27,14.3,49300.0,2407676.0,2840850.0,327211110.0,91985769.0,9.14,0.10824,0.11205,0.11368,0.301,0.048779998,0.16176,-0.093,0.08,16.05,buy,1.9
2026-04-15 10:33:18,B3,ITUB4,ITUB4.SA,2026-04-15 10:00:00,46.369998931884766,46.970001220703125,46.369998931884766,46.86000061035156,1681300.0,46.86000061035156,46.68000030517578,46.369998931884766,46.970001220703125,46.369998931884766,1876700.0,516460886092.98364,45.001799774169925,39.47736225128174,49.66999816894531,31.4174747467041,BRL,SAO,ITAUUNIBANCOPN  EJ  N1,Financial Services,Banks - Regional,Brazil,0.267,11.685785,9.018319,2.5266905,1.18,0.8503,46.9,46.92,1876700.0,31637171.0,24200088.0,5403615951.0,5916281737.0,18.546,0.32284,0.0,0.37305,0.0,0.01549,0.21014,0.11,0.028,48.0,strong_buy,1.46154
2026-04-15 10:33:18,B3,LREN3,LREN3.SA,2026-04-15 10:00:00,15.59000015258789,15.699999809265137,15.569999694824219,15.579999923706055,1538800.0,15.579999923706055,15.59000015258789,15.59000015258789,15.699999809265137,15.569999694824219,1480000.0,15314522754.466074,15.26260004043579,15.482400012016296,19.8700008392334,12.430000305175781,BRL,SAO,LOJAS RENNERON      NM,Consumer Cyclical,Department Stores,Brazil,0.469,10.819444,8.939534,1.4634604,5.68,0.584,15.61,15.63,1480000.0,15531805.0,16146455.0,976323386.0,,10.646,0.092080005,0.14868,0.1625,0.61707,0.059520002,0.13732,0.048,0.215,19.31333,buy,1.66667
2026-04-15 10:33:18,B3,MGLU3,MGLU3.SA,2026-04-15 10:00:00,9.229999542236328,9.420000076293945,9.229999542236328,9.380000114440918,1463400.0,9.380000114440918,9.279999732971191,9.229999542236328,9.420000076293945,9.229999542236328,1608600.0,7268377724.778018,9.461199970245362,8.722882997989654,11.552379608154297,6.2095232009887695,BRL,SAO,MAGAZ LUIZA ON      NM,Consumer Cyclical,Specialty Retail,Brazil,1.12,36.076923,10.6301,0.6442308,0.6,1.1008999,9.38,9.39,1608600.0,19150025.0,14802422.0,774880345.0,315750834.0,14.56,0.00529,0.03882,0.00981,0.29854,0.01979,0.01811,0.034,-0.555,9.19853,hold,3.38462
2026-04-15 10:33:18,B3,MOVI3,MOVI3.SA,2026-04-15 10:00:00,13.329999923706055,13.479999542236328,13.279999732971191,13.289999961853027,310800.0,13.289999961853027,13.350000381469727,13.329999923706055,13.479999542236328,13.260000228881836,332200.0,4568816570.84589,12.995548248291016,9.760637075901032,14.970000267028809,5.690000057220459,BRL,SAO,MOVIDA      ON      NM,Industrials,Rental & Leasing Services,Brazil,0.438,14.604395,4.9653845,1.5186836,10.3,0.8418,13.28,13.29,332200.0,5786664.0,10077122.0,337965766.0,114295493.0,8.751,0.0217,0.36856997,0.2325,0.32458,0.062140003,0.116610005,0.126,0.729,14.54662,buy,2.0
2026-04-15 10:33:18,B3,PCAR3,PCAR3.SA,2026-04-15 10:00:00,2.5,2.5299999713897705,2.440000057220459,2.450000047683716,370400.0,2.450000047683716,2.5199999809265137,2.5,2.5299999713897705,2.440000057220459,517800.0,1211576338.8305962,2.7887999963760377,3.4647500026226044,4.949999809265137,1.8899999856948853,BRL,SAO,"P.ACUCAR,CBDON      NM",Consumer Cyclical,Department Stores,Brazil,1.207,,-5.4414215,0.5708295,,0.0,2.44,2.46,517800.0,12940521.0,10546666.0,490637273.0,104682302.0,4.292,-0.043109998,0.049439996,0.03578,0.27562,0.0179,-0.25381002,-0.02,,3.36,underperform,3.66667
2026-04-15 10:33:18,B3,PETR3,PETR3.SA,2026-04-15 10:00:00,52.380001068115234,52.380001068115234,51.91999816894531,52.18000030517578,289000.0,52.18000030517578,52.61000061035156,52.380001068115234,52.380001068115234,51.91999816894531,441200.0,672534079402.3091,46.81099998474121,37.024800081253055,56.13999938964844,30.84000015258789,BRL,SAO,PETROBRAS   ON      N2,Energy,Oil & Gas Integrated,Brazil,-0.071,6.874835,6.124413,1.617483,7.44,0.38869998,52.18,52.21,441200.0,15749096.0,19083511.0,7442231382.0,8112812836.0,32.26,0.22134,0.41834,0.26850998,0.47632998,0.08613,0.28176,0.05,,50.82857,buy,1.875
2026-04-15 10:33:18,B3,PETR4,PETR4.SA,2026-04-15 10:00:00,47.95000076293945,48.029998779296875,47.43000030517578,47.72999954223633,2286000.0,47.72999954223633,47.95000076293945,47.95000076293945,48.029998779296875,47.43000030517578,2610800.0,652158169595.1826,42.971199951171876,34.3564000415802,50.689998626708984,28.860000610351562,BRL,SAO,PETROBRAS   PN      N2,Energy,Oil & Gas Integrated,Brazil,-0.071,6.2911725,4.2512465,1.4801613,8.16,0.38869998,47.7,47.76,2606900.0,53425006.0,52719111.0,5446501379.0,8112812836.0,32.26,0.22134,0.41834,0.26850998,0.47632998,0.08613,0.28176,0.05,,49.87692,buy,2.0
2026-04-15 10:33:18,B3,PRIO3,PRIO3.SA,2026-04-15 10:00:00,65.0999984741211,65.23999786376953,64.0199966430664,64.16000366210938,518400.0,64.16000366210938,65.25,65.0999984741211,65.23999786376953,64.0199966430664,627300.0,51957637189.785614,59.464799880981445,44.7223999786377,72.9800033569336,32.900001525878906,BRL,SAO,PETRORIO    ON      NM,Energy,Oil & Gas E&P,Brazil,0.239,23.162457,8.051876,2.0157087,,0.0,64.12,64.15,627300.0,16110285.0,15764711.0,807383501.0,,31.83,0.14446999,0.51533,0.098859996,0.19917,0.022669999,0.08708999,0.424,,64.40357,buy,1.71429
2026-04-15 10:33:18,B3,RAIL3,RAIL3.SA,2026-04-15 10:00:00,16.850000381469727,17.079999923706055,16.850000381469727,17.0,100200.0,17.0,16.93000030517578,16.850000381469727,17.079999923706055,16.850000381469727,103100.0,31548838476.0,16.09620008468628,15.766200037002564,20.530000686645508,13.3100004196167,BRL,SAO,RUMO S.A.   ON      NM,Industrials,Railroads,Brazil,-0.022,36.95652,12.985127,2.279126,4.79,1.7777001,17.0,17.02,103100.0,12259218.0,14291190.0,1855814028.0,1313562523.0,7.459,0.06117,0.54698,0.39161,0.45391,0.06879,0.059699997,-0.033,,19.8,buy,1.93333
2026-04-15 10:33:18,B3,RDOR3,RDOR3.SA,,,,,,,42.41,41.67,,,,0.0,93408692363.76,40.2957999420166,40.239049949645995,48.40999984741211,29.25,BRL,SAO,REDE D OR   ON      NM,Healthcare,Medical Care Facilities,Brazil,0.817,20.004719,14.914875,4.835253,1.5,1.5723,0.0,0.0,0.0,7081810.0,5912966.0,2199211735.0,982668832.0,8.771,0.084130004,0.20548001,0.17809,0.21854,0.059809998,0.20047002,0.119,0.238,51.58333,strong_buy,1.30769
2026-04-15 10:33:18,B3,RENT3,RENT3.SA,2026-04-15 10:00:00,50.63999938964844,51.34000015258789,50.400001525878906,50.95000076293945,190900.0,50.95000076293945,50.9900016784668,50.63999938964844,51.34000015258789,50.400001525878906,210600.0,53730966696.83241,48.45480010986328,41.99365003585815,53.0,32.70000076293945,BRL,SAO,LOCALIZA    ON      NM,Industrials,Rental & Leasing Services,Brazil,0.34,28.948864,10.215068,2.1849136,4.1,1.1341001,50.95,50.99,210600.0,9638621.0,10566322.0,1054582255.0,856989936.0,23.319,0.044889998,0.19489999,0.21751,0.21954,0.05748,0.07211,0.117,0.109,58.45333,buy,1.6
2026-04-15 10:33:18,B3,SANB11,SANB11.SA,2026-04-15 10:00:00,32.099998474121094,32.11000061035156,31.8700008392334,31.920000076293945,133600.0,31.920000076293945,32.150001525878906,32.099998474121094,32.11000061035156,31.8700008392334,137100.0,150675857129.8996,32.69219993591309,30.8455500125885,37.83000183105469,25.489999771118164,BRL,SAO,SANTANDER BRUNT,Financial Services,Banks - Regional,Brazil,0.322,15.615836,6.1034555,0.95350367,5.53,,31.92,31.95,137000.0,3841088.0,2902900.0,3735435525.0,3735623127.0,33.508,0.27953,0.0,0.18215,0.0,0.0103400005,0.10524,0.116,0.273,36.66923,hold,2.61538
2026-04-15 10:33:18,B3,SBSP3,SBSP3.SA,2026-04-15 10:00:00,168.8000030517578,169.10000610351562,168.27999877929688,168.6699981689453,35100.0,168.6699981689453,168.89999389648438,168.8000030517578,169.10000610351562,168.27999877929688,44200.0,121470793095.14238,152.0312124633789,130.50012195587158,171.72999572753906,102.58851623535156,BRL,SAO,SABESP      ON      NM,Utilities,Utilities - Regulated Water,Brazil,0.199,13.65749,12.486398,2.7899168,0.49,0.5066,168.38,168.82,44200.0,3224836.0,3241933.0,720162621.0,468716980.0,60.457,0.22215,0.38157,0.34567,0.37017,0.084989995,0.21334,0.439,0.872,159.11856,buy,1.6875
2026-04-15 10:33:18,B3,SLCE3,SLCE3.SA,2026-04-15 10:00:00,19.299999237060547,19.3799991607666,19.229999542236328,19.260000228881836,116900.0,19.260000228881836,19.31999969482422,19.299999237060547,19.3799991607666,19.229999542236328,122700.0,9568610231.171373,17.196999778747557,15.58000518321991,19.479999542236328,13.84000015258789,BRL,SAO,SLC AGRICOLAON      NM,Consumer Defensive,Farm Products,Brazil,0.316,17.196428,9.144518,1.9018466,6.68,1.1533,19.26,19.26,122700.0,2684498.0,3639620.0,496812571.0,170762263.0,10.127,0.064959995,0.26997,0.026870001,0.34244,0.06277,0.11582,0.15,,19.70909,hold,2.81818
2026-04-15 10:33:18,B3,TIMS3,TIMS3.SA,2026-04-15 10:00:00,27.270000457763672,27.360000610351562,27.219999313354492,27.25,199300.0,27.25,27.270000457763672,27.270000457763672,27.360000610351562,27.219999313354492,127000.0,65091211774.5,26.852600021362306,23.873500003814698,28.739999771118164,17.34000015258789,BRL,SAO,TIM         ON      NM,Communication Services,Telecom Services,Brazil,0.299,15.308989,12.2977085,2.7146842,9.52,1.4117999,27.25,27.3,127000.0,6142726.0,5134500.0,2388668322.0,2388261815.0,10.038,0.16194999,0.41569,0.27545,0.53928,0.0735,0.17117001,0.044,0.291,28.31429,buy,2.42857
2026-04-15 10:33:18,B3,TOTS3,TOTS3.SA,2026-04-15 10:00:00,34.63999938964844,34.97999954223633,34.4900016784668,34.88999938964844,55100.0,34.88999938964844,34.7599983215332,34.63999938964844,34.97999954223633,34.4900016784668,80800.0,20406269517.53096,36.796200103759766,41.88059997558594,48.400001525878906,33.02000045776367,BRL,SAO,TOTVS       ON      NM,Technology,Software - Application,Brazil,0.545,24.74468,15.64574,4.015884,1.87,0.4335,34.9,34.94,80800.0,5119686.0,3505830.0,579848243.0,485228645.0,8.688,0.1545,0.2208,0.21545,0.70264,0.075840004,0.16139999,0.151,0.429,51.75385,none,
2026-04-15 10:33:18,B3,UGPA3,UGPA3.SA,2026-04-15 10:00:00,30.1299991607666,30.479999542236328,30.09000015258789,30.299999237060547,144800.0,30.299999237060547,30.079999923706055,30.1299991607666,30.479999542236328,30.09000015258789,200600.0,32383648980.595245,27.344800071716307,22.003449959754946,30.729999542236328,15.579999923706055,BRL,SAO,ULTRAPAR    ON      NM,Energy,Oil & Gas Refining & Marketing,Brazil,0.417,12.893618,11.581816,2.0669894,5.81,0.7443,30.27,30.3,200600.0,6639148.0,6110070.0,1068767319.0,645872968.0,14.659,0.017239999,0.04482,0.03091,0.06574,0.06954,0.16381,0.072,-0.595,29.0375,buy,2.25
2026-04-15 10:33:18,B3,VALE3,VALE3.SA,2026-04-15 10:00:00,88.1500015258789,88.91999816894531,87.88999938964844,88.55000305175781,389900.0,88.55000305175781,88.3499984741211,88.1500015258789,88.91999816894531,87.88999938964844,448400.0,386531016791.4262,83.5679998779297,67.92390001296997,91.62000274658203,49.720001220703125,BRL,SAO,VALE        ON  ATZ NM,Basic Materials,Other Industrial Metals & Mining,Brazil,0.889,32.2,8.009016,2.051003,7.81,2.0855,88.57,88.58,448900.0,27576761.0,19626133.0,4365115781.0,3967404263.0,43.174,0.06467,0.35986,0.27639,0.34976003,0.077870004,0.05867,0.005,,87.599434,buy,2.15385
2026-04-15 10:33:18,B3,VIVT3,VIVT3.SA,2026-04-15 10:00:00,41.36000061035156,41.709999084472656,41.36000061035156,41.630001068115234,73000.0,41.630001068115234,41.310001373291016,41.36000061035156,41.709999084472656,41.36000061035156,80900.0,133033095888.66583,40.93220016479492,35.19270009994507,43.470001220703125,25.270000457763672,BRL,SAO,TELEF BRASILON,Communication Services,Telecom Services,Brazil,0.41,21.795813,12.98357,1.935829,5.57,0.52889997,41.64,41.66,80900.0,5321480.0,4330630.0,3195606352.0,705206410.0,21.505,0.1035,0.32474998,0.19459,0.48099998,0.05242,0.08901,0.071,0.093,39.86429,buy,2.35714
2026-04-15 10:33:18,B3,VVAR3,VVAR3.SA,,,,,,,,,,,,,,,,,,,,,,,,,,,,,,,,,,,,,,,,,,,,,,,,
2026-04-15 10:33:18,B3,WEGE3,WEGE3.SA,2026-04-15 10:00:00,51.900001525878906,52.099998474121094,50.689998626708984,50.88999938964844,473500.0,50.88999938964844,51.970001220703125,51.900001525878906,52.099998474121094,50.689998626708984,568400.0,213525770414.05878,49.861200103759764,43.72014989852905,54.529998779296875,35.25,BRL,SAO,WEG         ON      NM,Industrials,Electrical Equipment & Parts,Brazil,0.047,33.480263,26.011265,12.259696,0.77,1.1888,50.89,50.94,568400.0,7884775.0,7453655.0,4195829691.0,1485947686.0,4.151,0.15626,0.21486,0.19398001,0.3353,0.11845,0.32514998,-0.053,-0.063,54.47143,hold,2.57143
2026-04-15 10:33:18,B3,XPBR31,XPBR31.SA,2026-04-15 10:00:00,104.66000366210938,106.22000122070312,104.58999633789062,105.94999694824219,6217.0,105.94999694824219,105.58999633789062,104.66000366210938,106.22000122070312,104.58999633789062,7882.0,54812951107.231155,102.67800033569335,98.26905006408691,119.37000274658203,79.30000305175781,BRL,SAO,XP INC      DR1,Financial Services,Capital Markets,Cayman Islands,1.276,10.900206,8.552203,2.3341117,0.94,0.102299996,106.04,106.12,7882.0,1078326.0,1035054.0,416451545.0,415067863.0,45.392,0.29088,0.0,0.31500998,0.69263,0.0139,0.23715,0.133,0.141,142.0,buy,2.0
2026-04-15 10:33:18,Global,005930.KS,005930.KS,2026-04-15 02:00:00,213750.0,214500.0,210000.0,212000.0,4801749.0,211000.0,206500.0,215000.0,215500.0,210000.0,24092884.0,1392248580977000.0,185969.0,115787.43718592965,223000.0,53700.0,KRW,KSC,SamsungElec,Technology,Consumer Electronics,South Korea,1.211,,7.3448596,,1.1,0.2526,211000.0,211500.0,24092884.0,31067426.0,28241570.0,5795963304.0,5456638254.0,,0.13267,0.26756,0.21322,0.39379,0.0504,0.10783,0.238,1.622,239873.48,none,
2026-04-15 10:33:18,Global,2222.SR,2222.SR,2026-04-15 08:00:00,27.459999084472656,27.479999542236328,27.399999618530273,27.479999542236328,4212150.0,27.540000915527344,27.360000610351562,27.360000610351562,27.540000915527344,27.34000015258789,17807205.0,6662130017472.84,26.392000045776367,24.979299983978272,27.760000228881836,23.040000915527344,SAR,SAU,Saudi Arabian Oil Co.,Energy,Oil & Gas Integrated,Saudi Arabia,-0.01,19.125,16.491018,4.4649806,4.96,0.91059995,27.46,27.46,17807205.0,14983055.0,16501384.0,241907400000.0,5989627224.0,6.168,0.20826,0.49370998,0.42664,0.55733,0.18552,0.20764999,-0.029,-0.195,28.883,buy,2.23529
2026-04-15 10:33:18,Global,9988.HK,9988.HK,2026-04-15 04:30:00,129.1999969482422,129.3000030517578,128.60000610351562,128.60000610351562,14726369.0,128.60000610351562,124.5,129.5,131.0,128.39999389648438,95222777.0,2460639105991.781,140.26599945068358,142.1830001449585,186.1999969482422,101.80000305175781,HKD,HKG,BABA-W,Consumer Cyclical,Internet Retail,Hong Kong,0.489,23.171171,16.547754,2.0020552,0.83,0.19450001,128.6,128.7,95222777.0,84613426.0,87014248.0,19134051238.0,17578696960.0,64.23399,0.08912,0.13638,0.07078,0.40755,0.03134,0.082329996,0.017,-0.709,185.09395,strong_buy,1.27273
2026-04-15 10:33:18,Global,AAPL,AAPL,2026-04-15 10:30:00,258.0950012207031,259.9800109863281,257.82000732421875,259.42010498046875,1866088.0,259.4200134277344,258.6001,258.0950012207031,259.9800109863281,257.82000732421875,1912027.0,3812936160279.846,260.8827996826172,251.21179931640626,288.6199951171875,189.80999755859375,USD,NMS,Apple Inc.,Technology,Consumer Electronics,United States,1.109,32.879597,27.85799,43.251083,0.4,0.1304,245.18,259.97,1912027.0,47195496.0,39732000.0,14681140000.0,14655888439.0,5.998,0.27037,0.35099998,0.35374,0.47325,0.24377,1.5202099,0.157,0.183,296.3305,buy,1.89583
2026-04-15 10:33:18,Global,AMD,AMD,2026-04-15 10:30:00,255.02999877929688,256.5498962402344,254.17999267578125,254.72000122070312,1486165.0,254.75999450683594,253.3,255.02999877929688,256.5498962402344,254.17999267578125,1543004.0,415363457661.32574,209.61080017089844,200.48759986877442,267.0799865722656,83.75,USD,NMS,"Advanced Micro Devices, Inc.",Technology,Semiconductors,United States,1.963,97.96539,23.513372,6.590168,,0.0,253.43,255.83,1544514.0,37431775.0,32638550.0,1630338779.0,1621443583.0,38.65,0.12515001,0.19472,0.17059,0.52493,0.032,0.07082,0.341,2.171,289.34784,buy,1.57143
2026-04-15 10:33:18,Global,AMZN,AMZN,2026-04-15 10:30:00,249.1999969482422,250.44000244140625,247.55499267578125,248.60499572753906,3009362.0,248.66000366210938,249.16,249.1999969482422,250.44000244140625,247.55499267578125,3074685.0,2674152291722.5864,213.5602005004883,225.1564500427246,258.6000061035156,165.2899932861328,USD,NMS,"Amazon.com, Inc.",Consumer Cyclical,Internet Retail,United States,1.383,34.682007,26.497837,6.4916725,,0.0,236.58,261.78,3061599.0,51738766.0,47805430.0,10754251799.0,9756110785.0,38.306,0.108339995,0.20327,0.10533,0.50286,0.06928,0.22286,0.136,0.05,281.1797,strong_buy,1.33824
2026-04-15 10:33:18,Global,ASML,ASML,2026-04-15 10:30:00,1473.3699951171875,1474.4000244140625,1456.0799560546875,1458.239990234375,688137.0,1458.300048828125,1528.4589,1473.3699951171875,1474.4000244140625,1455.780029296875,705995.0,572614178049.9873,1395.4078076171875,1074.5677487182618,1547.219970703125,614.0599975585938,USD,NMS,ASML Holding N.V. - New York Re,Technology,Semiconductor Equipment & Materials,Netherlands,1.382,50.545578,31.92503,24.76109,0.58,0.266,1512.96,1502.8,706230.0,1802035.0,1702400.0,385417665.0,385294331.0,58.892403,0.29416,0.37549,0.35304,0.52830005,0.14247,0.50458,0.049,0.072,1511.0463,strong_buy,1.5
2026-04-15 10:33:18,Global,AVGO,AVGO,2026-04-15 10:30:00,389.875,393.5799865722656,385.57000732421875,392.385009765625,3438490.0,392.385009765625,392.9998,389.875,393.5799865722656,385.57000732421875,3568004.0,1860404765922.117,328.58300048828124,331.26155029296876,414.6099853515625,161.61000061035156,USD,NMS,Broadcom Inc.,Technology,Semiconductors,United States,1.253,76.3395,21.806389,23.266233,0.68,0.47169998,383.6,394.25,3568004.0,26706215.0,23819280.0,4734668184.0,4675721565.0,16.865,0.36571997,0.54506,0.44943002,0.76725996,0.10663,0.33370999,0.295,0.316,472.92395,strong_buy,1.26531
2026-04-15 10:33:18,Global,BABA,BABA,2026-04-15 10:30:00,132.6999969482422,132.6999969482422,131.39999389648438,131.7100067138672,807587.0,131.7100067138672,131.83,128.47000122070312,132.6999969482422,131.39999389648438,845228.0,315018252160.48486,139.94419998168945,146.66419967651368,192.6699981689453,103.70999908447266,USD,NYQ,Alibaba Group Holding Limited,Consumer Cyclical,Internet Retail,Hong Kong,0.489,23.229279,17.537329,2.0274627,0.8,0.19450001,132.32,132.5,845228.0,11170161.0,9772080.0,2391756405.0,17578696960.0,64.962975,0.08912,0.13638,0.07078,0.40755,0.03134,0.082329996,0.017,-0.709,188.95076,strong_buy,1.39024
2026-04-15 10:33:18,Global,BAC,BAC,2026-04-15 10:30:00,54.459999084472656,55.400001525878906,54.25,54.939998626708984,5701741.0,54.900001525878906,53.39,53.099998474121094,55.400001525878906,54.25,5810998.0,393999862083.7479,50.688000183105466,51.0515500831604,57.54999923706055,36.4900016784668,USD,NYQ,Bank of America Corporation,Financial Services,Banks - Diversified,United States,1.237,14.419948,11.022257,1.429203,2.1,0.28350002,54.47,54.55,5811321.0,40991415.0,32823860.0,7145709181.0,7149123710.0,38.441,0.28401,0.0,0.41627997,0.0,0.00914,0.10217,0.072,0.212,60.5625,strong_buy,1.5
2026-04-15 10:33:18,Global,BRK-B,BRK-B,2026-04-15 10:30:00,478.0,478.7699890136719,476.25,476.81500244140625,208585.0,476.81500244140625,477.925,479.80999755859375,478.7699890136719,476.25,215936.0,1028428460667.0984,489.4708013916016,490.351199798584,542.0700073242188,455.19000244140625,USD,NYQ,Berkshire Hathaway Inc. New,Financial Services,Insurance - Diversified,United States,0.699,15.361307,21.920565,0.00095618685,,0.0,478.07,478.5,215916.0,4811145.0,3857110.0,1390722404.0,1235251.0,498663.0,0.18029,0.29774,0.32956,0.26146,0.051090002,0.09809,-0.007,-0.025,523.0,buy,2.0
2026-04-15 10:33:18,Global,COST,COST,2026-04-15 10:30:00,970.3099975585938,974.0999755859375,968.5,969.4000244140625,82808.0,969.4000244140625,973.45,970.3099975585938,974.0999755859375,968.2999877929688,85880.0,430287017860.05554,993.9497973632813,949.0997998046874,1067.0799560546875,844.0599975585938,USD,NMS,Costco Wholesale Corporation,Consumer Defensive,Discount Stores,United States,0.978,50.489582,43.149403,26.004614,0.53,0.27040002,973.82,971.29,85893.0,2069006.0,1934480.0,443652540.0,440916269.0,37.278,0.029860001,0.047020003,0.036730003,0.12926,0.08718,0.29650998,0.215,0.455,1067.9375,buy,1.94595
2026-04-15 10:33:18,Global,CVX,CVX,2026-04-15 10:30:00,186.5399932861328,187.22000122070312,185.9600067138672,185.9600067138672,464071.0,185.9600067138672,186.49,188.60000610351562,187.22000122070312,185.9600067138672,486927.0,370413514407.304,191.43899932861328,164.0844997406006,214.7100067138672,132.3300018310547,USD,NYQ,Chevron Corporation,Energy,Oil & Gas Integrated,United States,0.587,28.006025,16.857258,1.9750413,3.81,1.0317,186.3,186.59,486948.0,12846158.0,13598810.0,1991898801.0,1853852843.0,94.155,0.06661,0.20379,0.09462,0.41896,0.03794,0.07231,-0.082,-0.238,207.95833,buy,1.96154
2026-04-15 10:33:18,Global,GOOGL,GOOGL,2026-04-15 10:30:00,332.8900146484375,334.0,332.1199951171875,332.8999938964844,1441721.0,332.8800048828125,333.29,332.8900146484375,334.0,332.1199951171875,1472751.0,4026849419067.383,307.9045983886719,270.09879959106445,349.0,146.10000610351562,USD,NMS,Alphabet Inc.,Communication Services,Internet Content & Information,United States,1.128,30.765251,24.761482,9.689983,0.25,0.076799996,315.97,349.64,1472751.0,33550273.0,26628700.0,5822000000.0,10833468350.0,34.353,0.32810003,0.37278998,0.31568,0.59652,0.15427,0.35705003,0.18,0.311,375.9325,strong_buy,1.37313
2026-04-15 10:33:18,Global,JNJ,JNJ,2026-04-15 10:30:00,239.7899932861328,240.4199981689453,238.63999938964844,238.83999633789062,181386.0,238.83999633789062,240.0,235.00999450683594,240.4199981689453,238.58999633789062,185057.0,575580253048.9265,241.13620086669923,201.5004500579834,251.7100067138672,146.1199951171875,USD,NYQ,Johnson & Johnson,Healthcare,Drug Manufacturers - General,United States,0.329,21.67332,18.912867,7.0527086,2.23,0.466,240.0,241.66,185100.0,8659020.0,7175410.0,2408613219.0,2406067197.0,33.865,0.21834,0.35391998,0.26723,0.67997,,,0.099,-0.529,241.91667,buy,2.12
2026-04-15 10:33:18,Global,JPM,JPM,2026-04-15 10:30:00,314.0,314.2200012207031,309.3699951171875,309.3699951171875,873497.0,309.42999267578125,311.29,309.82000732421875,314.2200012207031,309.3399963378906,900313.0,834542708042.595,299.6536010742187,303.3723504638672,337.25,226.33999633789062,USD,NYQ,JP Morgan Chase & Co.,Financial Services,Banks - Diversified,United States,1.043,14.816571,13.1975,2.4362144,1.93,0.2824,313.0,313.1,900484.0,10650033.0,8889890.0,2679500000.0,2665084290.0,126.988,0.33936,0.0,0.43051997,0.0,0.01272,0.16465001,0.127,0.172,334.43478,buy,2.19231
2026-04-15 10:33:18,Global,LLY,LLY,2026-04-15 10:30:00,923.9500122070312,930.0,922.1099853515625,924.219970703125,93232.0,924.219970703125,924.8453,925.0,930.0,922.1099853515625,95459.0,827194209373.2874,981.721005859375,903.3358029174805,1133.949951171875,623.780029296875,USD,NYQ,Eli Lilly and Company,Healthcare,Drug Manufacturers - General,United States,0.504,40.23596,21.99649,31.165737,0.68,0.26139998,923.0,923.94,95541.0,3126855.0,2765390.0,893357420.0,890981089.0,29.655,0.31667,0.48625,0.44896,0.83044,0.19415002,1.01159,0.426,0.514,1209.6897,buy,1.70968
2026-04-15 10:33:18,Global,MA,MA,2026-04-15 10:30:00,516.0,517.0,513.4000244140625,514.1300048828125,207326.0,514.1300048828125,513.13,508.0,517.0,513.4000244140625,209218.0,458828981064.0558,513.7177990722656,551.4303479003906,601.77001953125,480.5,USD,NYQ,Mastercard Incorporated,Financial Services,Credit Services,United States,0.831,31.12167,22.685616,59.40952,0.68,0.184,512.51,514.69,209218.0,3839655.0,3409150.0,885216386.0,883982199.0,8.654,0.45646998,0.62651,0.57733,1.0,0.23719999,2.09915,0.176,0.242,657.1143,strong_buy,1.34211
2026-04-15 10:33:18,Global,META,META,2026-04-15 10:30:00,667.0,671.0,666.52001953125,668.7100219726562,1038869.0,668.7100219726562,665.935,667.0,671.0,666.52001953125,1061236.0,1691539089912.4927,630.452197265625,682.0253988647461,796.25,479.79998779296875,USD,NMS,"Meta Platforms, Inc.",Communication Services,Internet Content & Information,United States,1.309,28.431547,18.775381,7.787742,0.32,0.08939999,660.84,669.64,1061236.0,16421785.0,18070090.0,2187177748.0,2183866414.0,85.867,0.30084,0.50701,0.41314998,0.81999,0.16212,0.30238,0.238,0.107,855.6793,strong_buy,1.34328
2026-04-15 10:33:18,Global,MSFT,MSFT,2026-04-15 10:30:00,397.8500061035156,400.0,396.7300109863281,400.0,2655960.0,400.0,394.3999,397.8500061035156,400.04998779296875,396.7300109863281,2860643.0,2972951062400.0,392.1575988769531,473.112099609375,555.4500122070312,355.6700134277344,USD,NMS,Microsoft Corporation,Technology,Software - Infrastructure,United States,1.107,25.0,21.159397,7.6023946,0.93,0.21280001,397.61,400.55,2860643.0,37430888.0,30104260.0,7425629076.0,7414713401.0,52.615,0.39044,0.57377,0.47094002,0.68586,0.1486,0.34390998,0.167,0.598,585.4065,strong_buy,1.27586
2026-04-15 10:33:18,Global,NVDA,NVDA,2026-04-15 10:30:00,196.5500030517578,198.389892578125,196.25999450683594,198.389892578125,10866838.0,198.389892578125,196.19,196.5500030517578,198.38999938964844,196.25999450683594,11209509.0,4821866339111.328,182.1213995361328,181.12435035705568,212.19000244140625,95.04000091552734,USD,NMS,NVIDIA Corporation,Technology,Semiconductors,United States,2.335,40.56544,17.792242,30.649723,0.02,0.0082,197.06,199.05,11212847.0,178422101.0,149651560.0,24300000000.0,23321682000.0,6.472,0.55603004,0.61698,0.65024,0.71068,0.51188,1.01485,0.732,0.956,268.22195,strong_buy,1.28333
2026-04-15 10:33:18,Global,ORCL,ORCL,2026-04-15 10:30:00,166.88999938964844,170.16000366210938,166.2100067138672,170.16000366210938,3919200.0,170.2449951171875,163.8,167.92999267578125,170.3300018310547,166.2100067138672,4288532.0,489632437226.80664,150.33279876708986,215.99594924926757,345.7200012207031,121.23999786376953,USD,NYQ,Oracle Corporation,Technology,Software - Infrastructure,United States,1.597,30.549372,21.34278,14.585977,1.23,0.35909998,166.3,166.4,4330891.0,28893110.0,27890490.0,2876046000.0,1708975294.0,11.666,0.25298,0.42826,0.32676,0.67084,0.06335,0.57572,0.217,0.245,246.45872,buy,1.61364
2026-04-15 10:33:18,Global,PG,PG,2026-04-15 10:30:00,144.36000061035156,144.40310668945312,143.38999938964844,143.52000427246094,172872.0,143.52000427246094,144.38,143.24000549316406,144.40310668945312,143.38499450683594,183295.0,335368008936.0828,152.73980072021484,151.47630043029784,171.64999389648438,137.6199951171875,USD,NYQ,Procter & Gamble Company (The),Consumer Defensive,Household & Personal Products,United States,0.403,21.230768,19.756105,6.380652,2.93,0.6188,144.0,144.32,183295.0,11149808.0,7961810.0,2324000685.0,2319771004.0,22.493,0.19299999,0.29047,0.26297,0.51189,0.10898,0.31562,0.015,-0.054,164.95454,buy,2.08333
2026-04-15 10:33:18,Global,SAP,SAP,2026-04-15 10:30:00,171.08999633789062,171.57249450683594,170.14999389648438,171.57249450683594,280282.0,171.4600067138672,169.0,170.00999450683594,171.5850067138672,170.14999389648438,300725.0,201621180372.4696,188.71559997558595,245.0898503112793,313.2799987792969,160.66000366210938,USD,NYQ,SAP  SE,Technology,Software - Application,Germany,0.762,24.081463,17.161154,3.8795943,1.77,0.38,170.86,170.93,300725.0,3318820.0,3170390.0,1167559048.0,1042910444.0,44.195343,0.19459,0.30527002,0.29213,0.73764,0.090059996,0.16122,0.033,0.05,290.16666,buy,1.625
2026-04-15 10:33:18,Global,TM,TM,2026-04-15 10:30:00,213.1649932861328,213.1649932861328,212.77999877929688,212.77999877929688,7522.0,212.77999877929688,216.3604,210.85000610351562,213.1649932861328,212.77999877929688,7662.0,277336002866.6039,224.02159881591797,205.31814979553224,248.89999389648438,167.17999267578125,USD,NYQ,Toyota Motor Corporation,Consumer Cyclical,Auto Manufacturers,Japan,0.357,11.960651,13.484158,18.13155,2.71,0.33200002,0.0,0.0,7662.0,302796.0,291000.0,1303393197.0,9737764559.0,11.735345,0.073249996,0.12299,0.08851,0.17597,0.0273,0.10032,0.086,-0.423,257.23853,none,
2026-04-15 10:33:18,Global,TSLA,TSLA,2026-04-15 10:30:00,366.7950134277344,366.8399963378906,362.5,364.6099853515625,3370165.0,364.6099853515625,366.0,366.7950134277344,366.8399963378906,362.5,3482800.0,1368174170718.9746,391.69879943847656,397.6700500488281,498.8299865722656,222.7899932861328,USD,NMS,"Tesla, Inc.",Consumer Cyclical,Auto Manufacturers,United States,1.915,334.50458,131.54268,16.651138,,0.0,363.98,366.03,3484405.0,61866270.0,67520150.0,3752431984.0,2812635394.0,21.897,0.040009998,0.11076,0.047030002,0.18027,0.02095,0.049250003,-0.031,-0.606,415.2966,buy,2.4375
2026-04-15 10:33:18,Global,TSM,TSM,2026-04-15 10:30:00,381.760009765625,381.9700012207031,378.5700988769531,380.1025085449219,1345861.0,380.2349853515625,384.3,379.0400085449219,381.9700012207031,378.5700988769531,1377791.0,1972090616198.247,352.1604016113281,295.47420021057127,390.2099914550781,145.83999633789062,USD,NYQ,Taiwan Semiconductor Manufactur,Technology,Semiconductors,Taiwan,1.251,36.525936,20.627066,58.16344,0.92,0.2873,381.11,381.35,1377791.0,13330916.0,11634440.0,5186504904.0,24177929426.0,6.5373535,0.45099998,0.68633,0.53916,0.59891,0.16555001,0.35064,0.205,0.35,439.54056,strong_buy,1.42105
2026-04-15 10:33:18,Global,UNH,UNH,2026-04-15 10:30:00,317.69000244140625,317.69000244140625,314.54998779296875,314.54998779296875,188358.0,314.54998779296875,314.34,312.510009765625,317.760009765625,314.54998779296875,195741.0,285509424077.42267,284.14299926757815,312.5839993286133,594.8099975585938,234.60000610351562,USD,NYQ,UnitedHealth Group Incorporated,Healthcare,Healthcare Plans,United States,0.408,23.785337,15.627265,3.0294394,2.81,0.65989995,315.0,315.49,196359.0,10132838.0,8467920.0,907675839.0,899987825.0,103.874,0.02694,0.04832,0.00336,0.18526,0.039,0.12538,0.123,-0.999,360.96155,buy,1.72414
2026-04-15 10:33:18,Global,V,V,2026-04-15 10:30:00,313.69000244140625,313.8800048828125,311.79998779296875,312.8291015625,267435.0,312.739990234375,311.42,308.4700012207031,313.8800048828125,311.79998779296875,268975.0,602975085988.2283,313.04639709472656,335.10574783325194,375.510009765625,293.8900146484375,USD,NYQ,Visa Inc.,Financial Services,Credit Services,United States,0.799,29.373625,21.5101,15.614909,0.86,0.2291,0.0,312.0,269050.0,7682405.0,6148270.0,1681093942.0,1739792978.0,20.034,0.50233,0.70032,0.68296,0.97777003,0.18364,0.53954,0.146,0.174,394.85742,strong_buy,1.33333
2026-04-15 10:33:18,Global,WMT,WMT,2026-04-15 10:30:00,124.5,124.9000015258789,123.3499984741211,123.375,625278.0,123.375,124.94,124.5,124.9000015258789,123.30000305175781,674604.0,983595158560.875,125.66159988403321,110.29889991760254,134.69000244140625,90.61000061035156,USD,NMS,Walmart Inc.,Consumer Defensive,Discount Stores,United States,0.661,45.192307,37.560165,9.86921,0.79,0.3443,118.35,131.15,674604.0,29527768.0,15496140.0,7972402501.0,4375015320.0,12.501,0.0307,0.061739996,0.04567,0.24927,0.06834,0.21847,0.056,-0.19,136.43903,strong_buy,1.44186
2026-04-15 10:33:18,Global,XOM,XOM,2026-04-15 10:30:00,148.60000610351562,149.4600067138672,148.55999755859375,148.63499450683594,613101.0,148.63499450683594,148.66,150.06500244140625,149.4600067138672,148.5,659501.0,617810185815.8622,154.35299926757813,125.35559993743897,176.41000366210938,101.19000244140625,USD,NYQ,Exxon Mobil Corporation,Energy,Oil & Gas Integrated,United States,0.288,22.184328,14.934363,2.3946736,2.76,0.597,148.25,148.4,659708.0,23114701.0,25232880.0,4156559415.0,4158096585.0,62.069,0.089049995,0.18334,0.09527001,0.31049,0.04902,0.110810004,-0.013,-0.11,162.70833,buy,2.30769
2026-04-15 12:13:28,B3,ABEV3,ABEV3.SA,2026-04-15 11:00:00,15.84000015258789,15.859999656677246,15.800000190734863,15.850000381469727,4107700.0,15.850000381469727,15.90999984741211,15.84000015258789,15.9399995803833,15.779999732971191,5583400.0,247525782418.67432,15.49520004272461,13.657899990081788,16.770000457763672,11.680000305175781,BRL,SAO,AMBEV S/A   ON  ATZ,Consumer Defensive,Beverages - Brewers,Brazil,0.31,16.010101,14.108705,2.8152754,15.02,1.7388,15.84,15.85,5583400.0,27644748.0,24442566.0,15596694040.0,4227862084.0,5.63,0.17569,0.30844998,0.28194,0.51425,0.091359995,0.16976999,-0.082,-0.101,15.34444,hold,3.11111
2026-04-15 12:13:28,B3,AGRO3,AGRO3.SA,2026-04-15 11:00:00,20.450000762939453,20.450000762939453,20.200000762939453,20.270000457763672,21800.0,20.270000457763672,20.469999313354492,20.450000762939453,20.5,20.200000762939453,48000.0,2019205379.2603378,21.020400047302246,20.46100001335144,22.75,18.59000015258789,BRL,SAO,BRASILAGRO  ON      NM,Consumer Defensive,Farm Products,Brazil,0.157,,8.108,0.9716696,3.68,1.1292,20.26,20.29,48000.0,218143.0,221611.0,99615457.0,46594134.0,20.861,-0.0016300001,-0.09711,-0.08424,0.043920003,-0.01319,-0.00074,0.248,,23.83333,none,
2026-04-15 12:13:28,B3,ASAI3,ASAI3.SA,2026-04-15 11:00:00,10.039999961853027,10.039999961853027,9.819999694824219,9.970000267028809,2469100.0,9.970000267028809,10.149999618530273,10.039999961853027,10.149999618530273,9.819999694824219,4566300.0,13377247280.025888,8.813799915313721,9.04629995584488,12.039999961853027,6.909999847412109,BRL,SAO,ASSAI       ON      NM,Consumer Defensive,Grocery Stores,Brazil,0.361,14.661765,8.785844,2.4087944,1.17,0.1583,9.96,9.97,4566300.0,15680750.0,11855030.0,1341749942.0,1138962519.0,4.139,0.00643,0.06767,0.058569998,0.17014,0.05505,0.09196,0.031,-0.979,11.50714,buy,1.86667
2026-04-15 12:13:28,B3,B3SA3,B3SA3.SA,2026-04-15 11:00:00,19.709999084472656,19.770000457763672,19.610000610351562,19.739999771118164,6545000.0,19.739999771118164,19.65999984741211,19.68000030517578,19.8700008392334,19.549999237060547,12501200.0,98912787584.66357,17.665800094604492,14.598350024223327,19.739999771118164,11.960000038146973,BRL,SAO,B3          ON  EJ  NM,Financial Services,Financial Data & Stock Exchanges,Brazil,0.249,23.783133,16.109682,5.698614,3.08,0.71239996,19.73,19.74,12501200.0,44185066.0,42255011.0,5010779571.0,,3.464,0.45544997,0.67509,0.65740997,0.95489,0.08862001,0.25591,0.105,-0.169,19.17857,buy,2.0
2026-04-15 12:13:28,B3,BBAS3,BBAS3.SA,2026-04-15 11:00:00,24.600000381469727,24.719999313354492,24.420000076293945,24.559999465942383,6819400.0,24.559999465942383,25.389999389648438,25.040000915527344,25.290000915527344,24.420000076293945,16529000.0,140197765788.99713,24.819599952697754,22.25609999656677,30.040000915527344,18.1200008392334,BRL,SAO,BRASIL      ON      NM,Financial Services,Banks - Regional,Brazil,0.406,10.233333,4.5568314,0.7627566,1.11,0.20709999,24.55,24.56,16529000.0,31813645.0,22297522.0,5708378210.0,2586922848.0,32.199,0.24109,0.0,0.18375,0.0,0.00865,0.1106,-0.343,-0.544,26.93846,hold,2.69231
2026-04-15 12:13:28,B3,BBDC3,BBDC3.SA,2026-04-15 11:00:00,17.989999771118164,18.010000228881836,17.84000015258789,17.889999389648438,1182000.0,17.889999389648438,18.010000228881836,17.889999389648438,18.1299991607666,17.84000015258789,1926000.0,203009446189.05426,17.42239995956421,15.692950015068055,18.979999542236328,11.289999961853027,BRL,SAO,BRADESCO    ON  EJ  N1,Financial Services,Banks - Regional,Brazil,0.363,8.39906,,1.060588,1.15,0.613,17.88,17.89,1926000.0,8149866.0,8853188.0,5293220781.0,7558861646.0,16.868,0.26519,0.0,0.2481,0.0,0.010880001,0.13754,0.06,0.572,,none,
2026-04-15 12:13:28,B3,BBDC4,BBDC4.SA,2026-04-15 11:00:00,20.829999923706055,20.84000015258789,20.6299991607666,20.690000534057617,5154800.0,20.690000534057617,20.729999542236328,20.65999984741211,20.979999542236328,20.610000610351562,10458000.0,218708037504.68927,20.1403999710083,18.265250000953674,22.1200008392334,12.600000381469727,BRL,SAO,BRADESCO    PN  EJ  N1,Financial Services,Banks - Regional,Brazil,0.363,9.713614,6.8376355,1.2265829,1.1,0.6743,20.7,20.7,10458000.0,38353170.0,36978200.0,5277491247.0,7558861646.0,16.868,0.26519,0.0,0.2481,0.0,0.010880001,0.13754,0.06,0.572,21.84615,none,
2026-04-15 12:13:28,B3,BPAC11,BPAC11.SA,2026-04-15 11:00:00,63.95000076293945,64.0,63.47999954223633,63.88999938964844,1099700.0,63.88999938964844,63.369998931884766,63.29999923706055,64.19000244140625,62.720001220703125,1745500.0,213526463865.98694,58.60199989318848,50.66759994506836,64.30000305175781,33.709999084472656,BRL,SAO,BTGP BANCO  UNT ATZ N2,Financial Services,Capital Markets,Brazil,0.471,104.05537,10.644377,4.3943877,2.21,,63.89,63.9,1745500.0,10448331.0,9436870.0,3342095256.0,2819584803.0,14.539,0.38164002,0.0,0.44472,0.0,0.02307,0.23868,0.187,0.409,65.04615,buy,1.61538
2026-04-15 12:13:28,B3,CCRO3,CCRO3.SA,,,,,,,,,,,,,,,,,,,,,,,,,,,,,,,,,,,,,,,,,,,,,,,,
2026-04-15 12:13:28,B3,CPFE3,CPFE3.SA,2026-04-15 11:00:00,55.88999938964844,56.13999938964844,55.540000915527344,55.63999938964844,349700.0,55.63999938964844,56.060001373291016,56.15999984741211,56.18000030517578,55.529998779296875,486700.0,64111436338.3197,49.50120002746582,44.84615005493164,56.34000015258789,36.060001373291016,BRL,SAO,CPFL ENERGIAON      NM,Utilities,Utilities - Regulated Electric,Brazil,0.27,11.6890745,12.918715,2.850702,6.66,0.587,55.6,55.64,486700.0,1999740.0,2067266.0,1152254440.0,187736816.0,19.518,0.12361,0.30323,0.23545,0.31718,0.087340005,0.25354,-0.009,0.023,47.08538,hold,3.23077
2026-04-15 12:13:28,B3,CPLE6,CPLE6.SA,,,,,,,,,,,,,,,,,,,,,,,,,,,,,,,,,,,,,,,,,,,,,,,,
2026-04-15 12:13:28,B3,CSAN3,CSAN3.SA,2026-04-15 11:00:00,5.539999961853027,5.539999961853027,5.449999809265137,5.489999771118164,2643200.0,5.489999771118164,5.489999771118164,5.489999771118164,5.610000133514404,5.449999809265137,5392900.0,21515048448.80295,5.758399982452392,5.967299993038178,8.779999732971191,4.920000076293945,BRL,SAO,COSAN       ON      NM,Energy,Oil & Gas Refining & Marketing,Brazil,0.729,,3.793873,4.0970144,,0.0,5.47,5.48,5392900.0,35133455.0,26090566.0,3918952522.0,1990681916.0,1.34,-0.24054001,0.34592,0.30708998,0.32598,0.048449997,-0.28958,0.265,,7.47778,buy,2.0
2026-04-15 12:13:28,B3,CSNA3,CSNA3.SA,2026-04-15 11:00:00,6.590000152587891,6.590000152587891,6.510000228881836,6.590000152587891,1614600.0,6.590000152587891,6.639999866485596,6.630000114440918,6.739999771118164,6.510000228881836,4186100.0,8738959313.075878,7.632199954986572,8.237199988365173,11.319999694824219,5.670000076293945,BRL,SAO,SID NACIONALON,Basic Materials,Steel,Brazil,1.521,,-7.5954914,0.6786818,15.64,0.0,6.58,6.59,4186100.0,15492765.0,10889890.0,1326093947.0,594952049.0,9.71,-0.044699997,0.17889,0.04932,0.26138002,0.02558,-0.096599996,-0.052,,8.98462,underperform,3.53846
2026-04-15 12:13:28,B3,CYRE3,CYRE3.SA,2026-04-15 11:00:00,27.780000686645508,27.799999237060547,27.299999237060547,27.31999969482422,806300.0,27.31999969482422,28.030000686645508,27.850000381469727,28.110000610351562,27.299999237060547,1376800.0,10008595994.119812,28.980799903869627,28.900499982833864,39.060001373291016,23.6299991607666,BRL,SAO,CYRELA REALTON      NM,Consumer Cyclical,Residential Construction,Brazil,0.302,5.978118,4.7552986,0.97851,13.57,0.83129996,27.3,27.32,1376800.0,6255386.0,6856400.0,366346855.0,236483016.0,27.92,0.21247,0.16306,0.17398001,0.32868,0.03879,0.22374001,0.242,0.164,38.13846,strong_buy,1.46154
2026-04-15 12:13:28,B3,ECOR3,ECOR3.SA,2026-04-15 11:00:00,10.220000267028809,10.220000267028809,10.100000381469727,10.170000076293945,469900.0,10.170000076293945,10.199999809265137,10.199999809265137,10.430000305175781,10.079999923706055,1584600.0,7074467921.491688,9.809800024032592,8.896600003242492,12.380000114440918,5.739999771118164,BRL,SAO,ECORODOVIAS ON      NM,Industrials,Infrastructure Operations,Brazil,0.733,8.0078745,12.659803,1.7243134,3.02,0.24219999,10.17,10.18,1584600.0,8365253.0,9521100.0,695621226.0,329007971.0,5.898,0.07689,0.45449,0.30683002,0.38756,0.07679,0.21511999,0.21,-0.26,13.13846,buy,1.84615
2026-04-15 12:13:28,B3,ELET3,ELET3.SA,,,,,,,,,,,,,,,,,,,,,,,,,,,,,,,,,,,,,,,,,,,,,,,,
2026-04-15 12:13:28,B3,ELET6,ELET6.SA,,,,,,,,,,,,,,,,,,,,,,,,,,,,,,,,,,,,,,,,,,,,,,,,
2026-04-15 12:13:28,B3,EMBR3,EMBR3.SA,,,,,,,,,,,,,,,,,,,,,,,,,,,,,,,,,,,,,,,,,,,,,,,,
2026-04-15 12:13:28,B3,ENGI11,ENGI11.SA,2026-04-15 11:00:00,58.04999923706055,58.20000076293945,57.849998474121094,58.060001373291016,529100.0,58.060001373291016,58.130001068115234,58.470001220703125,58.470001220703125,57.849998474121094,775500.0,26540994961.19315,52.6539998626709,47.43181776046753,58.63999938964844,38.12727355957031,BRL,SAO,ENERGISA    UNT     N2,Utilities,Utilities - Regulated Electric,Brazil,0.21,42.072464,13.956732,1.051069,5.63,,58.04,57.99,775500.0,3245816.0,3494270.0,457130457.0,327677966.0,55.239,0.062480003,0.23688,0.11542,0.24744,0.050029997,0.14495,-0.028,-0.553,62.69559,buy,1.53846
2026-04-15 12:13:28,B3,EZTC3,EZTC3.SA,2026-04-15 11:00:00,15.890000343322754,15.920000076293945,15.760000228881836,15.789999961853027,411000.0,15.789999961853027,15.800000190734863,15.800000190734863,16.09000015258789,15.710000038146973,623000.0,4379966409.748464,14.800400047302245,13.46191740512848,16.71967315673828,9.995628356933594,BRL,SAO,EZTEC       ON      NM,Real Estate,Real Estate - Development,Brazil,0.563,8.354497,6.403238,0.87059605,7.69,0.6447,15.78,15.8,623000.0,2132936.0,2010690.0,277388627.0,108516719.0,18.137,0.35694999,0.25906,0.24354,0.41674998,0.03442,0.10949001,-0.369,-0.097,18.41818,hold,2.54545
2026-04-15 12:13:28,B3,FLRY3,FLRY3.SA,2026-04-15 11:00:00,17.440000534057617,17.450000762939453,16.920000076293945,16.93000030517578,848500.0,16.93000030517578,17.670000076293945,17.559999465942383,17.639999389648438,16.920000076293945,995200.0,9203571094.231178,16.452400112152098,15.314350028038024,18.100000381469727,12.039999961853027,BRL,SAO,FLEURY      ON      NM,Healthcare,Diagnostics & Research,Brazil,0.35,15.116072,11.671596,1.8448294,10.69,1.4958,16.93,16.94,995200.0,3195370.0,2673800.0,543624980.0,242025020.0,9.177,0.07391,0.22143,0.1094,0.26607,0.0596,0.113970004,0.12,0.146,17.48182,buy,2.27273
2026-04-15 12:13:28,B3,GGBR4,GGBR4.SA,2026-04-15 11:00:00,21.68000030517578,21.690000534057617,21.540000915527344,21.600000381469727,2044900.0,21.600000381469727,21.600000381469727,21.530000686645508,21.799999237060547,21.469999313354492,3517400.0,42497460361.73215,20.160400009155275,18.747250022888185,24.079999923706055,14.479999542236328,BRL,SAO,GERDAU      PN      N1,Basic Materials,Steel,Brazil,0.89,31.304348,7.9981046,0.79616666,1.85,0.8986,21.6,21.63,3517400.0,12971815.0,13803155.0,1250263163.0,1270866834.0,27.13,0.01985,0.12577,0.07026,0.11405,0.04153,0.025339998,0.009,,24.53333,buy,1.6
2026-04-15 12:13:28,B3,HAPV3,HAPV3.SA,2026-04-15 11:00:00,12.789999961853027,12.8100004196167,12.3100004196167,12.359999656677246,2272300.0,12.359999656677246,13.039999961853027,13.050000190734863,13.050000190734863,12.3100004196167,3458100.0,5871743154.941045,10.527999992370605,23.92334997177124,44.849998474121094,7.0,BRL,SAO,HAPVIDA     ON      NM,Financial Services,Insurance - Life,Brazil,0.098,,5.5006676,0.12161165,,0.0,12.36,12.37,3458100.0,11900575.0,14490633.0,475060139.0,232036504.0,101.635,-0.00449,0.084910005,0.03823,0.11792,0.01355,-0.0029300002,0.065,,15.5,hold,2.92308
2026-04-15 12:13:28,B3,INTB3,INTB3.SA,2026-04-15 11:00:00,14.34000015258789,14.369999885559082,14.270000457763672,14.34000015258789,300600.0,14.34000015258789,14.380000114440918,14.449999809265137,14.449999809265137,14.260000228881836,494700.0,4692797114.174728,13.621199932098389,12.892799978256226,16.809999465942383,10.489999771118164,BRL,SAO,INTELBRAS   ON      NM,Technology,Communication Equipment,Brazil,0.053,9.689189,7.086556,1.5689278,9.74,0.9478,14.32,14.34,494700.0,2407676.0,2840850.0,327211110.0,91985769.0,9.14,0.10824,0.11205,0.11368,0.301,0.048779998,0.16176,-0.093,0.08,16.05,buy,1.9
2026-04-15 12:13:28,B3,ITUB4,ITUB4.SA,2026-04-15 11:00:00,47.13999938964844,47.16999816894531,46.91999816894531,47.130001068115234,5688100.0,47.130001068115234,46.68000030517578,46.369998931884766,47.40999984741211,46.369998931884766,11123200.0,519436658048.7214,45.001799774169925,39.47736225128174,49.66999816894531,31.4174747467041,BRL,SAO,ITAUUNIBANCOPN  EJ  N1,Financial Services,Banks - Regional,Brazil,0.267,11.753117,9.070282,2.5412488,1.18,0.8503,47.13,47.15,11123200.0,31637171.0,24200088.0,5403615951.0,5916281737.0,18.546,0.32284,0.0,0.37305,0.0,0.01549,0.21014,0.11,0.028,48.0,strong_buy,1.46154
2026-04-15 12:13:28,B3,LREN3,LREN3.SA,2026-04-15 11:00:00,15.489999771118164,15.520000457763672,15.1899995803833,15.329999923706055,4037200.0,15.329999923706055,15.59000015258789,15.59000015258789,15.720000267028809,15.1899995803833,6142100.0,15068782657.716074,15.26260004043579,15.482400012016296,19.8700008392334,12.430000305175781,BRL,SAO,LOJAS RENNERON      NM,Consumer Cyclical,Department Stores,Brazil,0.469,10.645833,8.796089,1.4399774,5.68,0.584,15.33,15.33,6142100.0,15531805.0,16146455.0,976323386.0,,10.646,0.092080005,0.14868,0.1625,0.61707,0.059520002,0.13732,0.048,0.215,19.31333,buy,1.66667
2026-04-15 12:13:28,B3,MGLU3,MGLU3.SA,2026-04-15 11:00:00,9.3100004196167,9.3100004196167,9.180000305175781,9.220000267028809,2082100.0,9.220000267028809,9.279999732971191,9.229999542236328,9.420000076293945,9.180000305175781,5805800.0,7144396987.815375,9.461199970245362,8.722882997989654,11.552379608154297,6.2095232009887695,BRL,SAO,MAGAZ LUIZA ON      NM,Consumer Cyclical,Specialty Retail,Brazil,1.12,35.46154,10.448776,0.6332418,0.6,1.1008999,9.22,9.23,5805800.0,19150025.0,14802422.0,774880345.0,315750834.0,14.56,0.00529,0.03882,0.00981,0.29854,0.01979,0.01811,0.034,-0.555,9.19853,hold,3.38462
2026-04-15 12:13:28,B3,MOVI3,MOVI3.SA,2026-04-15 11:00:00,13.300000190734863,13.359999656677246,13.210000038146973,13.3100004196167,507200.0,13.3100004196167,13.350000381469727,13.329999923706055,13.520000457763672,13.210000038146973,1353700.0,4575692298.6952095,12.995548248291016,9.760637075901032,14.970000267028809,5.690000057220459,BRL,SAO,MOVIDA      ON      NM,Industrials,Rental & Leasing Services,Brazil,0.438,14.626373,4.972857,1.520969,10.3,0.8418,13.3,13.32,1353700.0,5786664.0,10077122.0,337965766.0,114295493.0,8.751,0.0217,0.36856997,0.2325,0.32458,0.062140003,0.116610005,0.126,0.729,14.54662,buy,2.0
2026-04-15 12:13:28,B3,PCAR3,PCAR3.SA,2026-04-15 11:00:00,2.319999933242798,2.359999895095825,2.299999952316284,2.3499999046325684,1762800.0,2.3499999046325684,2.5199999809265137,2.5,2.5299999713897705,2.299999952316284,4908900.0,1162124173.5888076,2.7887999963760377,3.4647500026226044,4.949999809265137,1.8899999856948853,BRL,SAO,"P.ACUCAR,CBDON      NM",Consumer Cyclical,Department Stores,Brazil,1.207,,-5.219322,0.5475303,,0.0,2.34,2.35,4908900.0,12940521.0,10546666.0,490637273.0,104682302.0,4.292,-0.043109998,0.049439996,0.03578,0.27562,0.0179,-0.25381002,-0.02,,3.36,underperform,3.66667
2026-04-15 12:13:28,B3,PETR3,PETR3.SA,2026-04-15 11:00:00,52.2599983215332,52.400001525878906,52.029998779296875,52.18000030517578,2427600.0,52.18000030517578,52.61000061035156,52.380001068115234,52.59000015258789,51.68000030517578,4362500.0,672534079402.3091,46.81099998474121,37.024800081253055,56.13999938964844,30.84000015258789,BRL,SAO,PETROBRAS   ON      N2,Energy,Oil & Gas Integrated,Brazil,-0.071,6.874835,6.124413,1.617483,7.44,0.38869998,52.14,52.16,4362500.0,15749096.0,19083511.0,7442231382.0,8112812836.0,32.26,0.22134,0.41834,0.26850998,0.47632998,0.08613,0.28176,0.05,,50.82857,buy,1.875
2026-04-15 12:13:28,B3,PETR4,PETR4.SA,2026-04-15 11:00:00,47.630001068115234,47.709999084472656,47.400001525878906,47.529998779296875,7832300.0,47.529998779296875,47.95000076293945,47.95000076293945,48.099998474121094,47.25,18537600.0,649425462016.5702,42.971199951171876,34.3564000415802,50.689998626708984,28.860000610351562,BRL,SAO,PETROBRAS   PN      N2,Energy,Oil & Gas Integrated,Brazil,-0.071,6.262187,4.2316594,1.4733416,8.16,0.38869998,47.52,47.51,18537100.0,53425006.0,52719111.0,5446501379.0,8112812836.0,32.26,0.22134,0.41834,0.26850998,0.47632998,0.08613,0.28176,0.05,,49.87692,buy,2.0
2026-04-15 12:13:28,B3,PRIO3,PRIO3.SA,2026-04-15 11:00:00,63.52000045776367,64.02999877929688,63.2599983215332,63.650001525878906,1551200.0,63.650001525878906,65.25,65.0999984741211,65.23999786376953,63.0099983215332,4032900.0,51544630574.32734,59.464799880981445,44.7223999786377,72.9800033569336,32.900001525878906,BRL,SAO,PETRORIO    ON      NM,Energy,Oil & Gas E&P,Brazil,0.239,22.97834,7.987872,1.9996859,,0.0,63.6,63.64,4033400.0,16110285.0,15764711.0,807383501.0,,31.83,0.14446999,0.51533,0.098859996,0.19917,0.022669999,0.08708999,0.424,,64.40357,buy,1.71429
2026-04-15 12:13:28,B3,RAIL3,RAIL3.SA,2026-04-15 11:00:00,16.93000030517578,17.0,16.829999923706055,16.940000534057617,1486000.0,16.940000534057617,16.93000030517578,16.850000381469727,17.100000381469727,16.829999923706055,2179800.0,31437490625.431618,16.09620008468628,15.766200037002564,20.530000686645508,13.3100004196167,BRL,SAO,RUMO S.A.   ON      NM,Industrials,Railroads,Brazil,-0.022,36.826088,12.939299,2.271082,4.79,1.7777001,16.93,16.94,2179800.0,12259218.0,14291190.0,1855814028.0,1313562523.0,7.459,0.06117,0.54698,0.39161,0.45391,0.06879,0.059699997,-0.033,,19.8,buy,1.93333
2026-04-15 12:13:28,B3,RDOR3,RDOR3.SA,2026-04-15 11:00:00,40.70000076293945,40.779998779296875,40.040000915527344,40.279998779296875,5605400.0,40.279998779296875,42.290000915527344,40.70000076293945,40.779998779296875,40.040000915527344,70625600.0,88717331157.46216,40.2957999420166,40.239049949645995,48.40999984741211,29.25,BRL,SAO,REDE D OR   ON      NM,Healthcare,Medical Care Facilities,Brazil,0.817,19.0,14.16579,4.5924067,1.5,1.5723,40.2,40.28,70630800.0,7081810.0,5912966.0,2199211735.0,982668832.0,8.771,0.084130004,0.20548001,0.17809,0.21854,0.059809998,0.20047002,0.119,0.238,51.58333,strong_buy,1.30769
2026-04-15 12:13:28,B3,RENT3,RENT3.SA,2026-04-15 11:00:00,51.0099983215332,51.16999816894531,50.709999084472656,50.93000030517578,1112900.0,50.93000030517578,50.9900016784668,50.63999938964844,51.470001220703125,50.400001525878906,2298700.0,53709874568.98296,48.45480010986328,41.99365003585815,53.0,32.70000076293945,BRL,SAO,LOCALIZA    ON      NM,Industrials,Rental & Leasing Services,Brazil,0.34,28.9375,10.211058,2.1840558,4.1,1.1341001,50.91,50.93,2298700.0,9638621.0,10566322.0,1054582255.0,856989936.0,23.319,0.044889998,0.19489999,0.21751,0.21954,0.05748,0.07211,0.117,0.109,58.45333,buy,1.6
2026-04-15 12:13:28,B3,SANB11,SANB11.SA,2026-04-15 11:00:00,31.700000762939453,31.729999542236328,31.459999084472656,31.489999771118164,491800.0,31.489999771118164,32.150001525878906,32.099998474121094,32.11000061035156,31.459999084472656,1063000.0,148646074410.80124,32.69219993591309,30.8455500125885,37.83000183105469,25.489999771118164,BRL,SAO,SANTANDER BRUNT,Financial Services,Banks - Regional,Brazil,0.322,15.391006,6.0155807,0.9397756,5.53,,31.48,31.49,1063000.0,3841088.0,2902900.0,3735435525.0,3735623127.0,33.508,0.27953,0.0,0.18215,0.0,0.0103400005,0.10524,0.116,0.273,36.66923,hold,2.61538
2026-04-15 12:13:28,B3,SBSP3,SBSP3.SA,2026-04-15 11:00:00,168.17999267578125,168.5399932861328,167.35000610351562,168.39999389648438,649800.0,168.39999389648438,168.89999389648438,168.8000030517578,169.75999450683594,167.35000610351562,941800.0,121276344565.64127,152.0312124633789,130.50012195587158,171.72999572753906,102.58851623535156,BRL,SAO,SABESP      ON      NM,Utilities,Utilities - Regulated Water,Brazil,0.199,13.635627,12.46641,2.7854507,0.49,0.5066,168.37,168.45,941800.0,3224836.0,3241933.0,720162621.0,468716980.0,60.457,0.22215,0.38157,0.34567,0.37017,0.084989995,0.21334,0.439,0.872,159.11856,buy,1.6875
2026-04-15 12:13:28,B3,SLCE3,SLCE3.SA,2026-04-15 11:00:00,18.850000381469727,18.860000610351562,18.549999237060547,18.709999084472656,608300.0,18.709999084472656,19.31999969482422,19.299999237060547,19.3799991607666,18.549999237060547,1263700.0,9295362748.564507,17.196999778747557,15.58000518321991,19.479999542236328,13.84000015258789,BRL,SAO,SLC AGRICOLAON      NM,Consumer Defensive,Farm Products,Brazil,0.316,16.705357,8.883381,1.8475362,6.68,1.1533,18.72,18.73,1263700.0,2684498.0,3639620.0,496812571.0,170762263.0,10.127,0.064959995,0.26997,0.026870001,0.34244,0.06277,0.11582,0.15,,19.70909,hold,2.81818
2026-04-15 12:13:28,B3,TIMS3,TIMS3.SA,2026-04-15 11:00:00,27.25,27.399999618530273,27.09000015258789,27.15999984741211,888200.0,27.15999984741211,27.270000457763672,27.270000457763672,27.489999771118164,27.09000015258789,1309600.0,64876231261.03814,26.852600021362306,23.873500003814698,28.739999771118164,17.34000015258789,BRL,SAO,TIM         ON      NM,Communication Services,Telecom Services,Brazil,0.299,15.258427,12.257092,2.7057183,9.52,1.4117999,27.16,27.17,1309600.0,6142726.0,5134500.0,2388668322.0,2388261815.0,10.038,0.16194999,0.41569,0.27545,0.53928,0.0735,0.17117001,0.044,0.291,28.31429,buy,2.42857
2026-04-15 12:13:28,B3,TOTS3,TOTS3.SA,2026-04-15 11:00:00,35.439998626708984,35.599998474121094,35.290000915527344,35.400001525878906,663500.0,35.400001525878906,34.7599983215332,34.63999938964844,35.63999938964844,34.4900016784668,1030500.0,20704556741.0476,36.796200103759766,41.88059997558594,48.400001525878906,33.02000045776367,BRL,SAO,TOTVS       ON      NM,Technology,Software - Application,Brazil,0.545,25.106384,15.87444,4.074586,1.87,0.4335,35.38,35.4,1030500.0,5119686.0,3505830.0,579848243.0,485228645.0,8.688,0.1545,0.2208,0.21545,0.70264,0.075840004,0.16139999,0.151,0.429,51.75385,none,
2026-04-15 12:13:28,B3,UGPA3,UGPA3.SA,2026-04-15 11:00:00,30.639999389648438,30.68000030517578,30.350000381469727,30.610000610351562,1219000.0,30.610000610351562,30.079999923706055,30.1299991607666,30.790000915527344,30.09000015258789,2094000.0,32714968317.523804,27.344800071716307,22.003449959754946,30.729999542236328,15.579999923706055,BRL,SAO,ULTRAPAR    ON      NM,Energy,Oil & Gas Refining & Marketing,Brazil,0.417,13.025533,11.700311,2.088137,5.81,0.7443,30.6,30.62,2094000.0,6639148.0,6110070.0,1068767319.0,645872968.0,14.659,0.017239999,0.04482,0.03091,0.06574,0.06954,0.16381,0.072,-0.595,29.0375,buy,2.25
2026-04-15 12:13:28,B3,VALE3,VALE3.SA,2026-04-15 11:00:00,88.72000122070312,88.77999877929688,88.33999633789062,88.43000030517578,4689100.0,88.43000030517578,88.3499984741211,88.1500015258789,89.08000183105469,87.88999938964844,8260200.0,386007190907.1176,83.5679998779297,67.92390001296997,91.62000274658203,49.720001220703125,BRL,SAO,VALE        ON  ATZ NM,Basic Materials,Other Industrial Metals & Mining,Brazil,0.889,32.156364,7.9981623,2.0482235,7.81,2.0855,88.46,88.42,8260200.0,27576761.0,19626133.0,4365115781.0,3967404263.0,43.174,0.06467,0.35986,0.27639,0.34976003,0.077870004,0.05867,0.005,,87.63455,buy,2.15385
2026-04-15 12:13:28,B3,VIVT3,VIVT3.SA,2026-04-15 11:00:00,41.77000045776367,41.93000030517578,41.349998474121094,41.5,784300.0,41.5,41.310001373291016,41.36000061035156,41.93000030517578,41.349998474121094,1134600.0,132617663649.5,40.93220016479492,35.19270009994507,43.470001220703125,25.270000457763672,BRL,SAO,TELEF BRASILON,Communication Services,Telecom Services,Brazil,0.41,21.727749,12.943026,1.9297838,5.57,0.52889997,41.49,41.51,1134600.0,5321480.0,4330630.0,3195606352.0,705206410.0,21.505,0.1035,0.32474998,0.19459,0.48099998,0.05242,0.08901,0.071,0.093,39.86429,buy,2.35714
2026-04-15 12:13:28,B3,VVAR3,VVAR3.SA,,,,,,,,,,,,,,,,,,,,,,,,,,,,,,,,,,,,,,,,,,,,,,,,
2026-04-15 12:13:28,B3,WEGE3,WEGE3.SA,2026-04-15 11:00:00,50.029998779296875,50.43000030517578,49.959999084472656,50.119998931884766,2213000.0,50.119998931884766,51.970001220703125,51.900001525878906,52.099998474121094,49.75,4855700.0,210294979631.29037,49.861200103759764,43.72014989852905,54.529998779296875,35.25,BRL,SAO,WEG         ON      NM,Industrials,Electrical Equipment & Parts,Brazil,0.047,32.973682,25.617697,12.074199,0.77,1.1888,50.12,50.13,4855700.0,7884775.0,7453655.0,4195829691.0,1485947686.0,4.151,0.15626,0.21486,0.19398001,0.3353,0.11845,0.32514998,-0.053,-0.063,54.47143,hold,2.57143
2026-04-15 12:13:28,B3,XPBR31,XPBR31.SA,2026-04-15 11:00:00,105.56999969482422,105.56999969482422,103.30000305175781,103.55999755859375,224866.0,103.55999755859375,105.58999633789062,104.66000366210938,107.52999877929688,103.30000305175781,368869.0,53576491234.984924,102.67800033569335,98.26905006408691,119.37000274658203,79.30000305175781,BRL,SAO,XP INC      DR1,Financial Services,Capital Markets,Cayman Islands,1.276,10.654321,8.359284,2.2814593,0.94,0.102299996,103.59,103.61,368869.0,1078326.0,1035054.0,416451545.0,415067863.0,45.392,0.29088,0.0,0.31500998,0.69263,0.0139,0.23715,0.133,0.141,142.0,buy,2.0
2026-04-15 12:13:28,Global,005930.KS,005930.KS,2026-04-15 02:00:00,213750.0,214500.0,210000.0,212000.0,4801749.0,211000.0,206500.0,215000.0,215500.0,210000.0,26309263.0,1392248580977000.0,186484.693877551,116071.71717171717,223000.0,53700.0,KRW,KSC,SamsungElec,Technology,Consumer Electronics,South Korea,1.211,,7.3448596,,1.1,0.2526,211000.0,211500.0,26309263.0,31067426.0,28241570.0,5795963304.0,5456638254.0,,0.13267,0.26756,0.21322,0.39379,0.0504,0.10783,0.238,1.622,239873.48,none,
2026-04-15 12:13:28,Global,2222.SR,2222.SR,2026-04-15 08:00:00,27.459999084472656,27.479999542236328,27.399999618530273,27.479999542236328,4212150.0,27.540000915527344,27.360000610351562,27.360000610351562,27.540000915527344,27.34000015258789,17807205.0,6662130017472.84,26.392000045776367,24.979299983978272,27.760000228881836,23.040000915527344,SAR,SAU,Saudi Arabian Oil Co.,Energy,Oil & Gas Integrated,Saudi Arabia,-0.01,19.125,16.491018,4.4649806,4.96,0.91059995,27.46,27.46,17807205.0,14983055.0,16501384.0,241907400000.0,5989627224.0,6.168,0.20826,0.49370998,0.42664,0.55733,0.18552,0.20764999,-0.029,-0.195,28.883,buy,2.23529
2026-04-15 12:13:28,Global,9988.HK,9988.HK,2026-04-15 04:30:00,129.1999969482422,129.3000030517578,128.60000610351562,128.60000610351562,14726369.0,128.60000610351562,124.5,129.5,131.0,128.39999389648438,95222777.0,2460639105991.781,140.26599945068358,142.1830001449585,186.1999969482422,101.80000305175781,HKD,HKG,BABA-W,Consumer Cyclical,Internet Retail,Hong Kong,0.489,23.171171,16.547754,2.0020552,0.83,0.19450001,128.6,128.7,95222777.0,84613426.0,87014248.0,19134051238.0,17578696960.0,64.23399,0.08912,0.13638,0.07078,0.40755,0.03134,0.082329996,0.017,-0.709,185.09395,strong_buy,1.27273
2026-04-15 12:13:28,Global,AAPL,AAPL,2026-04-15 11:30:00,260.70001220703125,264.1099853515625,260.4200134277344,263.4800109863281,6052667.0,263.4800109863281,258.6001,258.0950012207031,264.1099853515625,257.82000732421875,14455724.0,3872609703956.238,260.8827996826172,251.21179931640626,288.6199951171875,189.80999755859375,USD,NMS,Apple Inc.,Technology,Consumer Electronics,United States,1.109,33.394173,28.293976,43.92798,0.4,0.1304,263.01,263.52,14455724.0,47195496.0,39732000.0,14681140000.0,14655888439.0,5.998,0.27037,0.35099998,0.35374,0.47325,0.24377,1.5202099,0.157,0.183,296.3305,buy,1.89583
2026-04-15 12:13:28,Global,AMD,AMD,2026-04-15 11:30:00,256.1199951171875,257.59991455078125,255.7100067138672,256.6499938964844,2660515.0,256.6499938964844,253.3,255.02999877929688,257.59991455078125,253.24000549316406,8823989.0,418444933161.36194,209.61080017089844,200.48759986877442,267.0799865722656,83.75,USD,NMS,"Advanced Micro Devices, Inc.",Technology,Semiconductors,United States,1.963,98.71154,23.692461,6.640362,,0.0,256.5,256.99,8823989.0,37431775.0,32638550.0,1630338779.0,1621443583.0,38.65,0.12515001,0.19472,0.17059,0.52493,0.032,0.07082,0.341,2.171,289.34784,buy,1.57143
2026-04-15 12:13:28,Global,AMZN,AMZN,2026-04-15 11:30:00,247.9199981689453,248.4149932861328,247.1999969482422,247.4591064453125,4284165.0,247.4591064453125,249.16,249.1999969482422,250.44000244140625,247.1999969482422,14393598.0,2661237540668.4346,213.5602005004883,225.1564500427246,258.6000061035156,165.2899932861328,USD,NMS,"Amazon.com, Inc.",Consumer Cyclical,Internet Retail,United States,1.383,34.513126,26.368807,6.460061,,0.0,247.0,247.66,14393905.0,51738766.0,47805430.0,10754251799.0,9756110785.0,38.306,0.108339995,0.20327,0.10533,0.50286,0.06928,0.22286,0.136,0.05,281.1797,strong_buy,1.33824
2026-04-15 12:13:28,Global,ASML,ASML,2026-04-15 11:30:00,1466.5400390625,1469.5450439453125,1444.4599609375,1455.5699462890625,345002.0,1455.5699462890625,1528.4589,1473.3699951171875,1474.4000244140625,1436.47998046875,1961120.0,571542179579.814,1395.4078076171875,1074.5677487182618,1547.219970703125,614.0599975585938,USD,NMS,ASML Holding N.V. - New York Re,Technology,Semiconductor Equipment & Materials,Netherlands,1.382,50.45303,31.866575,24.715752,0.58,0.266,1512.96,1446.68,1961120.0,1802035.0,1702400.0,385417665.0,385294331.0,58.892403,0.29416,0.37549,0.35304,0.52830005,0.14247,0.50458,0.049,0.072,1511.7599,strong_buy,1.5
2026-04-15 12:13:28,Global,AVGO,AVGO,2026-04-15 11:30:00,395.1499938964844,396.56988525390625,393.5799865722656,394.1400146484375,2346008.0,394.1400146484375,392.9998,389.875,396.56988525390625,385.57000732421875,11968396.0,1868725724590.1128,328.58300048828124,331.26155029296876,414.6099853515625,161.61000061035156,USD,NMS,Broadcom Inc.,Technology,Semiconductors,United States,1.253,76.68094,21.903921,23.370295,0.68,0.47169998,394.24,396.0,11968396.0,26706215.0,23819280.0,4734668184.0,4675721565.0,16.865,0.36571997,0.54506,0.44943002,0.76725996,0.10663,0.33370999,0.295,0.316,472.92395,strong_buy,1.26531
2026-04-15 12:13:28,Global,BABA,BABA,2026-04-15 11:30:00,132.7646942138672,132.81500244140625,132.110107421875,132.75999450683594,700067.0,132.75999450683594,131.83,132.6999969482422,132.81500244140625,131.3822021484375,3206778.0,317529567189.4897,139.94419998168945,146.66419967651368,192.6699981689453,103.70999908447266,USD,NYQ,Alibaba Group Holding Limited,Consumer Cyclical,Internet Retail,Hong Kong,0.489,23.414461,17.677137,2.0436256,0.8,0.19450001,132.55,132.59,3206778.0,11170161.0,9772080.0,2391756405.0,17578696960.0,64.962975,0.08912,0.13638,0.07078,0.40755,0.03134,0.082329996,0.017,-0.709,188.94797,strong_buy,1.39024
2026-04-15 12:13:28,Global,BAC,BAC,2026-04-15 11:30:00,54.36000061035156,54.47999954223633,53.70500183105469,54.130001068115234,5855512.0,54.1349983215332,53.39,54.25,55.400001525878906,53.70500183105469,22585347.0,388509677227.12726,50.688000183105466,51.0515500831604,57.54999923706055,36.4900016784668,USD,NYQ,Bank of America Corporation,Financial Services,Banks - Diversified,United States,1.237,14.20735,10.859753,1.408132,2.1,0.28350002,53.77,53.78,22577553.0,40991415.0,32823860.0,7145709181.0,7149123710.0,38.441,0.28401,0.0,0.41627997,0.0,0.00914,0.10217,0.072,0.212,60.5625,strong_buy,1.5
2026-04-15 12:13:28,Global,BRK-B,BRK-B,2026-04-15 11:30:00,475.25,475.75,473.82000732421875,475.1300048828125,480362.0,475.1300048828125,477.925,478.0,478.7699890136719,473.82000732421875,1482387.0,1024794138264.1968,489.4708013916016,490.351199798584,542.0700073242188,455.19000244140625,USD,NYQ,Berkshire Hathaway Inc. New,Financial Services,Insurance - Diversified,United States,0.699,15.307023,21.8431,0.00095280784,,0.0,474.75,475.01,1482387.0,4811145.0,3857110.0,1390722404.0,1235251.0,498663.0,0.18029,0.29774,0.32956,0.26146,0.051090002,0.09809,-0.007,-0.025,523.0,buy,2.0
2026-04-15 12:13:28,Global,COST,COST,2026-04-15 11:30:00,974.1099853515625,976.47998046875,972.27001953125,976.0900268554688,117188.0,976.0900268554688,973.45,970.3099975585938,978.6998901367188,968.2999877929688,430461.0,433256505303.3111,993.9497973632813,949.0997998046874,1067.0799560546875,844.0599975585938,USD,NMS,Costco Wholesale Corporation,Consumer Defensive,Discount Stores,United States,0.978,50.83802,43.44718,26.184076,0.53,0.27040002,965.0,976.85,430465.0,2069006.0,1934480.0,443652540.0,440916269.0,37.278,0.029860001,0.047020003,0.036730003,0.12926,0.08718,0.29650998,0.215,0.455,1067.9375,buy,1.94595
2026-04-15 12:13:28,Global,CVX,CVX,2026-04-15 11:30:00,185.52000427246094,185.73989868164062,185.0,185.61000061035156,742281.0,185.61000061035156,186.49,186.35499572753906,187.22000122070312,184.04010009765625,2620463.0,369716337669.3685,191.43899932861328,164.0844997406006,214.7100067138672,132.3300018310547,USD,NYQ,Chevron Corporation,Energy,Oil & Gas Integrated,United States,0.587,27.953314,16.825531,1.971324,3.81,1.0317,185.12,185.17,2620513.0,12846158.0,13598810.0,1991898801.0,1853852843.0,94.155,0.06661,0.20379,0.09462,0.41896,0.03794,0.07231,-0.082,-0.238,207.95833,buy,1.96154
2026-04-15 12:13:28,Global,GOOGL,GOOGL,2026-04-15 11:30:00,334.6098937988281,334.69000244140625,332.79998779296875,333.4100036621094,1646674.0,333.29998779296875,333.29,332.8900146484375,334.8500061035156,330.8999938964844,7104938.0,4031929952331.543,307.9045983886719,270.09879959106445,349.0,146.10000610351562,USD,NMS,Alphabet Inc.,Communication Services,Internet Content & Information,United States,1.128,30.814234,24.800907,9.705411,0.25,0.076799996,332.62,335.98,7105050.0,33550273.0,26628700.0,5822000000.0,10833468350.0,34.353,0.32810003,0.37278998,0.31568,0.59652,0.15427,0.35705003,0.18,0.311,375.9325,strong_buy,1.37313
2026-04-15 12:13:28,Global,JNJ,JNJ,2026-04-15 11:30:00,238.98500061035156,239.1699981689453,237.3300018310547,238.4550018310547,373707.0,238.4550018310547,240.0,239.93499755859375,240.4199981689453,237.3000030517578,1390339.0,574652455196.5367,241.13620086669923,201.5004500579834,251.7100067138672,146.1199951171875,USD,NYQ,Johnson & Johnson,Healthcare,Drug Manufacturers - General,United States,0.329,21.638384,18.88238,7.0413404,2.23,0.466,237.83,238.02,1390599.0,8659020.0,7175410.0,2408613219.0,2406067197.0,33.865,0.21834,0.35391998,0.26723,0.67997,,,0.099,-0.529,241.91667,buy,2.12
2026-04-15 12:13:28,Global,JPM,JPM,2026-04-15 11:30:00,308.8299865722656,308.9599914550781,305.010009765625,306.1400146484375,940284.0,306.1400146484375,311.29,313.95001220703125,314.2200012207031,305.010009765625,3436091.0,825669530789.8102,299.6536010742187,303.3723504638672,337.25,226.33999633789062,USD,NYQ,JP Morgan Chase & Co.,Financial Services,Banks - Diversified,United States,1.043,14.661879,13.059711,2.410779,1.93,0.2824,305.41,305.6,3436091.0,10650033.0,8889890.0,2679500000.0,2665084290.0,126.988,0.33936,0.0,0.43051997,0.0,0.01272,0.16465001,0.127,0.172,334.43478,buy,2.19231
2026-04-15 12:13:28,Global,LLY,LLY,2026-04-15 11:30:00,924.4550170898438,924.4550170898438,906.6599731445312,912.989990234375,288566.0,912.989990234375,924.8453,923.5,930.0,906.6599731445312,671661.0,817143166213.0125,981.721005859375,903.3358029174805,1133.949951171875,623.780029296875,USD,NYQ,Eli Lilly and Company,Healthcare,Drug Manufacturers - General,United States,0.504,39.747063,21.729216,30.78705,0.68,0.26139998,909.0,909.5,671741.0,3126855.0,2765390.0,893357420.0,890981089.0,29.655,0.31667,0.48625,0.44896,0.83044,0.19415002,1.01159,0.426,0.514,1209.6897,buy,1.70968
2026-04-15 12:13:28,Global,MA,MA,2026-04-15 11:30:00,515.1500244140625,517.0900268554688,515.0999755859375,516.219970703125,202820.0,516.219970703125,513.13,516.0,517.0900268554688,513.2100219726562,767398.0,460694145280.6653,513.7177990722656,551.4303479003906,601.77001953125,480.5,USD,NYQ,Mastercard Incorporated,Financial Services,Credit Services,United States,0.831,31.248182,22.777834,59.651024,0.68,0.184,516.6,516.75,767398.0,3839655.0,3409150.0,885216386.0,883982199.0,8.654,0.45646998,0.62651,0.57733,1.0,0.23719999,2.09915,0.176,0.242,657.1143,strong_buy,1.34211
2026-04-15 12:13:28,Global,META,META,2026-04-15 11:30:00,674.7550048828125,676.155029296875,672.1442260742188,672.8699951171875,1344250.0,672.8699951171875,665.935,667.0,676.155029296875,664.219970703125,5346363.0,1702061972710.335,630.452197265625,682.0253988647461,796.25,479.79998779296875,USD,NMS,"Meta Platforms, Inc.",Communication Services,Internet Content & Information,United States,1.309,28.608418,18.892181,7.836189,0.32,0.08939999,672.4,672.83,5347478.0,16421785.0,18070090.0,2187177748.0,2183866414.0,85.867,0.30084,0.50701,0.41314998,0.81999,0.16212,0.30238,0.238,0.107,855.6793,strong_buy,1.34328
2026-04-15 12:13:28,Global,MSFT,MSFT,2026-04-15 11:30:00,406.0950012207031,408.8900146484375,405.44000244140625,407.42999267578125,4304389.0,407.42999267578125,394.3999,397.8500061035156,408.8900146484375,396.7300109863281,15551030.0,3028173573947.72,392.1575988769531,473.112099609375,555.4500122070312,355.6700134277344,USD,NMS,Microsoft Corporation,Technology,Software - Infrastructure,United States,1.107,25.4625,21.550844,7.7430387,0.93,0.21280001,407.28,407.17,15551608.0,37430888.0,30104260.0,7425629076.0,7414713401.0,52.615,0.39044,0.57377,0.47094002,0.68586,0.1486,0.34390998,0.167,0.598,585.4065,strong_buy,1.27586
2026-04-15 12:13:28,Global,NVDA,NVDA,2026-04-15 11:30:00,199.25990295410156,199.8699951171875,199.02000427246094,199.76499938964844,16896372.0,199.76499938964844,196.19,196.5500030517578,199.8699951171875,196.25999450683594,64504630.0,4855288310165.405,182.1213995361328,181.12435035705568,212.19000244140625,95.04000091552734,USD,NMS,NVIDIA Corporation,Technology,Semiconductors,United States,2.335,40.851738,17.917814,30.866037,0.02,0.0082,199.72,199.77,64504650.0,178422101.0,149651560.0,24300000000.0,23321682000.0,6.472,0.55603004,0.61698,0.65024,0.71068,0.51188,1.01485,0.732,0.956,268.22195,strong_buy,1.28333
2026-04-15 12:13:28,Global,ORCL,ORCL,2026-04-15 11:30:00,171.039794921875,172.3699951171875,170.02999877929688,171.32000732421875,4316037.0,171.31300354003906,163.8,166.88999938964844,172.3699951171875,166.2100067138672,21195989.0,492704078579.3152,150.33279876708986,215.99594924926757,345.7200012207031,121.23999786376953,USD,NYQ,Oracle Corporation,Technology,Software - Infrastructure,United States,1.597,30.756731,21.487648,14.684981,1.23,0.35909998,171.98,172.0,21196176.0,28893110.0,27890490.0,2876046000.0,1708975294.0,11.666,0.25298,0.42826,0.32676,0.67084,0.06335,0.57572,0.217,0.245,246.45872,buy,1.61364
2026-04-15 12:13:28,Global,PG,PG,2026-04-15 11:30:00,142.86000061035156,142.8800048828125,142.25999450683594,142.8000030517578,577652.0,142.8000030517578,144.38,144.36000061035156,144.40310668945312,142.25999450683594,1567433.0,333685557928.34485,152.73980072021484,151.47630043029784,171.64999389648438,137.6199951171875,USD,NYQ,Procter & Gamble Company (The),Consumer Defensive,Household & Personal Products,United States,0.403,21.12426,19.656994,6.348642,2.93,0.6188,142.74,142.74,1567433.0,11149808.0,7961810.0,2324000685.0,2319771004.0,22.493,0.19299999,0.29047,0.26297,0.51189,0.10898,0.31562,0.015,-0.054,164.95454,buy,2.08333
2026-04-15 12:13:28,Global,SAP,SAP,2026-04-15 11:30:00,172.1999969482422,172.61000061035156,171.6199951171875,172.5399932861328,223367.0,172.5399932861328,169.0,170.97000122070312,172.8300018310547,170.14999389648438,1080126.0,202891145139.5304,188.71559997558595,245.0898503112793,313.2799987792969,160.66000366210938,USD,NYQ,SAP  SE,Technology,Software - Application,Germany,0.762,24.233145,17.269249,3.904031,1.77,0.38,172.12,172.2,1080126.0,3318820.0,3170390.0,1167559048.0,1042910444.0,44.195343,0.19459,0.30527002,0.29213,0.73764,0.090059996,0.16122,0.033,0.05,290.16666,buy,1.625
2026-04-15 12:13:28,Global,TM,TM,2026-04-15 11:30:00,212.35000610351562,212.4199981689453,212.0,212.27999877929688,19689.0,212.27999877929688,216.3604,212.52999877929688,213.1649932861328,212.0399932861328,55719.0,276684306268.1039,224.02159881591797,205.31814979553224,248.89999389648438,167.17999267578125,USD,NYQ,Toyota Motor Corporation,Consumer Cyclical,Auto Manufacturers,Japan,0.357,11.932546,13.452472,18.088943,2.71,0.33200002,212.23,212.44,55719.0,302796.0,291000.0,1303393197.0,9737764559.0,11.735345,0.073249996,0.12299,0.08851,0.17597,0.0273,0.10032,0.086,-0.423,257.23853,none,
2026-04-15 12:13:28,Global,TSLA,TSLA,2026-04-15 11:30:00,376.70001220703125,382.6199951171875,376.2799987792969,382.6050109863281,12134729.0,382.57000732421875,366.0,366.7950134277344,382.6600036621094,362.5,34496170.0,1435567931602.5127,391.69879943847656,397.6700500488281,498.8299865722656,222.7899932861328,USD,NMS,"Tesla, Inc.",Consumer Cyclical,Auto Manufacturers,United States,1.915,351.01376,138.03485,17.472942,,0.0,375.0,381.84,34499806.0,61866270.0,67520150.0,3752431984.0,2812635394.0,21.897,0.040009998,0.11076,0.047030002,0.18027,0.02095,0.049250003,-0.031,-0.606,415.2966,buy,2.4375
2026-04-15 12:13:28,Global,TSM,TSM,2026-04-15 11:30:00,379.2099914550781,381.29998779296875,378.6199951171875,380.739990234375,1289001.0,380.75,384.3,381.4100036621094,381.9700012207031,376.7200012207031,5176291.0,1974761742198.0,352.1604016113281,295.47420021057127,390.2099914550781,145.83999633789062,USD,NYQ,Taiwan Semiconductor Manufactur,Technology,Semiconductors,Taiwan,1.251,36.574448,20.65446,58.240692,0.92,0.2873,380.12,380.22,5176691.0,13330916.0,11634440.0,5186504904.0,24177929426.0,6.5373535,0.45099998,0.68633,0.53916,0.59891,0.16555001,0.35064,0.205,0.35,439.54056,strong_buy,1.42105
2026-04-15 12:13:28,Global,UNH,UNH,2026-04-15 11:30:00,311.5150146484375,313.1600036621094,311.1449890136719,313.1600036621094,490365.0,312.9949951171875,314.34,316.0,317.760009765625,311.1449890136719,1641699.0,284097994795.79407,284.14299926757815,312.5839993286133,594.8099975585938,234.60000610351562,USD,NYQ,UnitedHealth Group Incorporated,Healthcare,Healthcare Plans,United States,0.408,23.657219,15.54309,3.0131216,2.81,0.65989995,312.21,312.25,1641199.0,10132838.0,8467920.0,907675839.0,899987825.0,103.874,0.02694,0.04832,0.00336,0.18526,0.039,0.12538,0.123,-0.999,360.96155,buy,1.72414
2026-04-15 12:13:28,Global,V,V,2026-04-15 11:30:00,312.67999267578125,313.1700134277344,312.3550109863281,312.739990234375,350990.0,312.739990234375,311.42,313.0,313.8800048828125,311.5199890136719,1351212.0,602975085988.2283,313.04639709472656,335.10574783325194,375.510009765625,293.8900146484375,USD,NYQ,Visa Inc.,Financial Services,Credit Services,United States,0.799,29.36526,21.503971,15.610461,0.86,0.2291,312.73,312.9,1351212.0,7682405.0,6148270.0,1681093942.0,1739792978.0,20.034,0.50233,0.70032,0.68296,0.97777003,0.18364,0.53954,0.146,0.174,394.85742,strong_buy,1.33333
2026-04-15 12:13:28,Global,WMT,WMT,2026-04-15 11:30:00,123.69000244140625,124.06999969482422,123.48999786376953,123.66999816894531,1175369.0,123.66999816894531,124.94,124.5,124.9000015258789,123.17990112304688,4244797.0,985947002700.765,125.66159988403321,110.29889991760254,134.69000244140625,90.61000061035156,USD,NMS,Walmart Inc.,Consumer Defensive,Discount Stores,United States,0.661,45.300365,37.649975,9.892808,0.79,0.3443,123.81,131.15,4244797.0,29527768.0,15496140.0,7972402501.0,4375015320.0,12.501,0.0307,0.061739996,0.04567,0.24927,0.06834,0.21847,0.056,-0.19,136.43903,strong_buy,1.44186
2026-04-15 12:13:28,Global,XOM,XOM,2026-04-15 11:30:00,148.22000122070312,148.83999633789062,147.92999267578125,148.7187042236328,1037820.0,148.7187042236328,148.66,148.60000610351562,149.4600067138672,146.89999389648438,4290143.0,618158130227.3412,154.35299926757813,125.35559993743897,176.41000366210938,101.19000244140625,USD,NYQ,Exxon Mobil Corporation,Energy,Oil & Gas Integrated,United States,0.288,22.196821,14.942774,2.3960223,2.76,0.597,147.93,147.99,4290143.0,23114701.0,25232880.0,4156559415.0,4158096585.0,62.069,0.089049995,0.18334,0.09527001,0.31049,0.04902,0.110810004,-0.013,-0.11,162.70833,buy,2.30769
2026-04-15 12:59:41,B3,ABEV3,ABEV3.SA,2026-04-15 12:00:00,15.84000015258789,15.859999656677246,15.8100004196167,15.84000015258789,1953100.0,15.84000015258789,15.90999984741211,15.84000015258789,15.9399995803833,15.779999732971191,7578200.0,247369611161.96973,15.49520004272461,13.657899990081788,16.770000457763672,11.680000305175781,BRL,SAO,AMBEV S/A   ON  ATZ,Consumer Defensive,Beverages - Brewers,Brazil,0.31,16.0,14.099803,2.813499,15.02,1.7388,15.83,15.84,7578200.0,27644748.0,24442566.0,15596694040.0,4227862084.0,5.63,0.17569,0.30844998,0.28194,0.51425,0.091359995,0.16976999,-0.082,-0.101,15.34444,hold,3.11111
2026-04-15 12:59:41,B3,AGRO3,AGRO3.SA,2026-04-15 12:00:00,20.270000457763672,20.3700008392334,20.270000457763672,20.360000610351562,26000.0,20.360000610351562,20.469999313354492,20.450000762939453,20.5,20.200000762939453,73900.0,2028170785.6804504,21.020400047302246,20.46100001335144,22.75,18.59000015258789,BRL,SAO,BRASILAGRO  ON      NM,Consumer Defensive,Farm Products,Brazil,0.157,,8.144,0.9759839,3.68,1.1292,20.36,20.39,73900.0,218143.0,221611.0,99615457.0,46594134.0,20.861,-0.0016300001,-0.09711,-0.08424,0.043920003,-0.01319,-0.00074,0.248,,23.83333,none,
2026-04-15 12:59:41,B3,ASAI3,ASAI3.SA,2026-04-15 12:00:00,9.970000267028809,10.0,9.890000343322754,9.920000076293945,902300.0,9.920000076293945,10.149999618530273,10.039999961853027,10.149999618530273,9.819999694824219,5477400.0,13310159527.007397,8.813799915313721,9.04629995584488,12.039999961853027,6.909999847412109,BRL,SAO,ASSAI       ON      NM,Consumer Defensive,Grocery Stores,Brazil,0.361,14.588235,8.741782,2.3967142,1.17,0.1583,9.9,9.92,5477400.0,15680750.0,11855030.0,1341749942.0,1138962519.0,4.139,0.00643,0.06767,0.058569998,0.17014,0.05505,0.09196,0.031,-0.979,11.50714,buy,1.86667
2026-04-15 12:59:41,B3,B3SA3,B3SA3.SA,2026-04-15 12:00:00,19.729999542236328,19.8700008392334,19.719999313354492,19.790000915527344,4539300.0,19.790000915527344,19.65999984741211,19.68000030517578,19.8700008392334,19.549999237060547,17309600.0,99163332297.5957,17.665800094604492,14.598350024223327,19.739999771118164,11.960000038146973,BRL,SAO,B3          ON  EJ  NM,Financial Services,Financial Data & Stock Exchanges,Brazil,0.249,23.843374,16.150488,5.713049,3.08,0.71239996,19.79,19.8,17309600.0,44185066.0,42255011.0,5010779571.0,,3.464,0.45544997,0.67509,0.65740997,0.95489,0.08862001,0.25591,0.105,-0.169,19.17857,buy,2.0
2026-04-15 12:59:41,B3,BBAS3,BBAS3.SA,2026-04-15 12:00:00,24.56999969482422,24.6299991607666,24.479999542236328,24.520000457763672,2118700.0,24.520000457763672,25.389999389648438,25.040000915527344,25.290000915527344,24.420000076293945,18719500.0,139969436322.28818,24.819599952697754,22.25609999656677,30.040000915527344,18.1200008392334,BRL,SAO,BRASIL      ON      NM,Financial Services,Banks - Regional,Brazil,0.406,10.216666,4.54941,0.7615143,1.11,0.20709999,24.51,24.52,18719500.0,31813645.0,22297522.0,5708378210.0,2586922848.0,32.199,0.24109,0.0,0.18375,0.0,0.00865,0.1106,-0.343,-0.544,26.93846,hold,2.69231
2026-04-15 12:59:41,B3,BBDC3,BBDC3.SA,2026-04-15 12:00:00,17.8799991607666,17.90999984741211,17.84000015258789,17.8700008392334,225200.0,17.8700008392334,18.010000228881836,17.889999389648438,18.1299991607666,17.84000015258789,2160300.0,202782509644.45663,17.42239995956421,15.692950015068055,18.979999542236328,11.289999961853027,BRL,SAO,BRADESCO    ON  EJ  N1,Financial Services,Banks - Regional,Brazil,0.363,8.389671,,1.0594025,1.15,0.613,17.86,17.87,2160300.0,8149866.0,8853188.0,5293220781.0,7558861646.0,16.868,0.26519,0.0,0.2481,0.0,0.010880001,0.13754,0.06,0.572,,none,
2026-04-15 12:59:41,B3,BBDC4,BBDC4.SA,2026-04-15 12:00:00,20.68000030517578,20.729999542236328,20.639999389648438,20.68000030517578,2464600.0,20.68000030517578,20.729999542236328,20.65999984741211,20.979999542236328,20.610000610351562,12982300.0,218602327964.9653,20.1403999710083,18.265250000953674,22.1200008392334,12.600000381469727,BRL,SAO,BRADESCO    PN  EJ  N1,Financial Services,Banks - Regional,Brazil,0.363,9.70892,6.8343306,1.22599,1.1,0.6743,20.67,20.68,12982300.0,38353170.0,36978200.0,5277491247.0,7558861646.0,16.868,0.26519,0.0,0.2481,0.0,0.010880001,0.13754,0.06,0.572,21.84615,none,
2026-04-15 12:59:41,B3,BPAC11,BPAC11.SA,2026-04-15 12:00:00,63.869998931884766,64.06999969482422,63.709999084472656,63.81999969482422,425100.0,63.81999969482422,63.369998931884766,63.29999923706055,64.19000244140625,62.720001220703125,2200700.0,213292518217.99347,58.60199989318848,50.66759994506836,64.30000305175781,33.709999084472656,BRL,SAO,BTGP BANCO  UNT ATZ N2,Financial Services,Capital Markets,Brazil,0.471,103.94136,10.632714,4.389573,2.21,,63.82,63.84,2200700.0,10448331.0,9436870.0,3342095256.0,2819584803.0,14.539,0.38164002,0.0,0.44472,0.0,0.02307,0.23868,0.187,0.409,65.04615,buy,1.61538
2026-04-15 12:59:41,B3,CCRO3,CCRO3.SA,,,,,,,,,,,,,,,,,,,,,,,,,,,,,,,,,,,,,,,,,,,,,,,,
2026-04-15 12:59:41,B3,CPFE3,CPFE3.SA,2026-04-15 12:00:00,55.650001525878906,56.20000076293945,55.540000915527344,56.189998626708984,202100.0,56.189998626708984,56.060001373291016,56.15999984741211,56.20000076293945,55.529998779296875,697500.0,64745175401.21933,49.50120002746582,44.84615005493164,56.34000015258789,36.060001373291016,BRL,SAO,CPFL ENERGIAON      NM,Utilities,Utilities - Regulated Electric,Brazil,0.27,11.804621,13.046415,2.878881,6.66,0.587,56.17,56.18,697500.0,1999740.0,2067266.0,1152254440.0,187736816.0,19.518,0.12361,0.30323,0.23545,0.31718,0.087340005,0.25354,-0.009,0.023,47.08538,hold,3.23077
2026-04-15 12:59:41,B3,CPLE6,CPLE6.SA,,,,,,,,,,,,,,,,,,,,,,,,,,,,,,,,,,,,,,,,,,,,,,,,
2026-04-15 12:59:41,B3,CSAN3,CSAN3.SA,2026-04-15 12:00:00,5.489999771118164,5.489999771118164,5.440000057220459,5.449999809265137,1208700.0,5.449999809265137,5.489999771118164,5.489999771118164,5.610000133514404,5.440000057220459,6606800.0,21358290497.41913,5.758399982452392,5.967299993038178,8.779999732971191,4.920000076293945,BRL,SAO,COSAN       ON      NM,Energy,Oil & Gas Refining & Marketing,Brazil,0.729,,3.7662308,4.067164,,0.0,5.44,5.45,6606800.0,35133455.0,26090566.0,3918952522.0,1990681916.0,1.34,-0.24054001,0.34592,0.30708998,0.32598,0.048449997,-0.28958,0.265,,7.47778,buy,2.0
2026-04-15 12:59:41,B3,CSNA3,CSNA3.SA,2026-04-15 12:00:00,6.590000152587891,6.659999847412109,6.559999942779541,6.639999866485596,801900.0,6.639999866485596,6.639999866485596,6.630000114440918,6.739999771118164,6.510000228881836,4986000.0,8805263631.027357,7.632199954986572,8.237199988365173,11.319999694824219,5.670000076293945,BRL,SAO,SID NACIONALON,Basic Materials,Steel,Brazil,1.521,,-7.65312,0.6838311,15.64,0.0,6.64,6.65,4986000.0,15492765.0,10889890.0,1326093947.0,594952049.0,9.71,-0.044699997,0.17889,0.04932,0.26138002,0.02558,-0.096599996,-0.052,,8.98462,underperform,3.53846
2026-04-15 12:59:41,B3,CYRE3,CYRE3.SA,2026-04-15 12:00:00,27.309999465942383,27.360000610351562,27.06999969482422,27.1299991607666,493300.0,27.1299991607666,28.030000686645508,27.850000381469727,28.110000610351562,27.06999969482422,1884400.0,9938989895.829483,28.980799903869627,28.900499982833864,39.060001373291016,23.6299991607666,BRL,SAO,CYRELA REALTON      NM,Consumer Cyclical,Residential Construction,Brazil,0.302,5.936542,4.722227,0.97170484,13.57,0.83129996,27.11,27.12,1884400.0,6255386.0,6856400.0,366346855.0,236483016.0,27.92,0.21247,0.16306,0.17398001,0.32868,0.03879,0.22374001,0.242,0.164,38.13846,strong_buy,1.46154
2026-04-15 12:59:41,B3,ECOR3,ECOR3.SA,2026-04-15 12:00:00,10.180000305175781,10.25,10.149999618530273,10.15999984741211,266500.0,10.15999984741211,10.199999809265137,10.199999809265137,10.430000305175781,10.079999923706055,1853200.0,7067511550.016624,9.809800024032592,8.896600003242492,12.380000114440918,5.739999771118164,BRL,SAO,ECORODOVIAS ON      NM,Industrials,Infrastructure Operations,Brazil,0.733,8.0,12.647355,1.7226179,3.02,0.24219999,10.16,10.17,1853200.0,8365253.0,9521100.0,695621226.0,329007971.0,5.898,0.07689,0.45449,0.30683002,0.38756,0.07679,0.21511999,0.21,-0.26,13.13846,buy,1.84615
2026-04-15 12:59:41,B3,ELET3,ELET3.SA,,,,,,,,,,,,,,,,,,,,,,,,,,,,,,,,,,,,,,,,,,,,,,,,
2026-04-15 12:59:41,B3,ELET6,ELET6.SA,,,,,,,,,,,,,,,,,,,,,,,,,,,,,,,,,,,,,,,,,,,,,,,,
2026-04-15 12:59:41,B3,EMBR3,EMBR3.SA,,,,,,,,,,,,,,,,,,,,,,,,,,,,,,,,,,,,,,,,,,,,,,,,
2026-04-15 12:59:41,B3,ENGI11,ENGI11.SA,2026-04-15 12:00:00,58.040000915527344,58.529998779296875,58.02000045776367,58.13999938964844,349100.0,58.13999938964844,58.130001068115234,58.470001220703125,58.529998779296875,57.849998474121094,1138100.0,26577564490.96971,52.6539998626709,47.43181776046753,58.63999938964844,38.12727355957031,BRL,SAO,ENERGISA    UNT     N2,Utilities,Utilities - Regulated Electric,Brazil,0.21,42.130436,13.975962,1.0525173,5.63,,58.14,58.15,1138100.0,3245816.0,3494270.0,457130457.0,327677966.0,55.239,0.062480003,0.23688,0.11542,0.24744,0.050029997,0.14495,-0.028,-0.553,62.69559,buy,1.53846
2026-04-15 12:59:41,B3,EZTC3,EZTC3.SA,2026-04-15 12:00:00,15.789999961853027,15.869999885559082,15.720000267028809,15.720000267028809,231300.0,15.720000267028809,15.800000190734863,15.800000190734863,16.09000015258789,15.710000038146973,864000.0,4360549290.510755,14.800400047302245,13.46191740512848,16.71967315673828,9.995628356933594,BRL,SAO,EZTEC       ON      NM,Real Estate,Real Estate - Development,Brazil,0.563,8.31746,6.374851,0.8667366,7.69,0.6447,15.72,15.74,864000.0,2132936.0,2010690.0,277388627.0,108516719.0,18.137,0.35694999,0.25906,0.24354,0.41674998,0.03442,0.10949001,-0.369,-0.097,18.41818,hold,2.54545
2026-04-15 12:59:41,B3,FLRY3,FLRY3.SA,2026-04-15 12:00:00,16.940000534057617,16.979999542236328,16.829999923706055,16.8799991607666,778600.0,16.8799991607666,17.670000076293945,17.559999465942383,17.639999389648438,16.829999923706055,1776500.0,9176389223.05176,16.452400112152098,15.314350028038024,18.100000381469727,12.039999961853027,BRL,SAO,FLEURY      ON      NM,Healthcare,Diagnostics & Research,Brazil,0.35,15.071427,11.637125,1.839381,10.69,1.4958,16.88,16.9,1776500.0,3195370.0,2673800.0,543624980.0,242025020.0,9.177,0.07391,0.22143,0.1094,0.26607,0.0596,0.113970004,0.12,0.146,17.48182,buy,2.27273
2026-04-15 12:59:41,B3,GGBR4,GGBR4.SA,2026-04-15 12:00:00,21.610000610351562,21.739999771118164,21.549999237060547,21.729999542236328,960900.0,21.729999542236328,21.600000381469727,21.530000686645508,21.799999237060547,21.469999313354492,4503700.0,42753230458.22143,20.160400009155275,18.747250022888185,24.079999923706055,14.479999542236328,BRL,SAO,GERDAU      PN      N1,Basic Materials,Steel,Brazil,0.89,31.492754,8.046241,0.80095834,1.85,0.8986,21.72,21.73,4503700.0,12971815.0,13803155.0,1250263163.0,1270866834.0,27.13,0.01985,0.12577,0.07026,0.11405,0.04153,0.025339998,0.009,,24.53333,buy,1.6
2026-04-15 12:59:41,B3,HAPV3,HAPV3.SA,2026-04-15 12:00:00,12.329999923706055,12.329999923706055,12.199999809265137,12.220000267028809,861200.0,12.220000267028809,13.039999961853027,13.050000190734863,13.050000190734863,12.199999809265137,4350700.0,5805235025.434743,10.527999992370605,23.92334997177124,44.849998474121094,7.0,BRL,SAO,HAPVIDA     ON      NM,Financial Services,Insurance - Life,Brazil,0.098,,5.4383626,0.12023417,,0.0,12.21,12.23,4350700.0,11900575.0,14490633.0,475060139.0,232036504.0,101.635,-0.00449,0.084910005,0.03823,0.11792,0.01355,-0.0029300002,0.065,,15.5,hold,2.92308
2026-04-15 12:59:41,B3,INTB3,INTB3.SA,2026-04-15 12:00:00,14.329999923706055,14.350000381469727,14.239999771118164,14.329999923706055,170800.0,14.329999923706055,14.380000114440918,14.449999809265137,14.449999809265137,14.239999771118164,668200.0,4689524516.912636,13.621199932098389,12.892799978256226,16.809999465942383,10.489999771118164,BRL,SAO,INTELBRAS   ON      NM,Technology,Communication Equipment,Brazil,0.053,9.682432,7.081614,1.5678337,9.74,0.9478,14.32,14.33,668200.0,2407676.0,2840850.0,327211110.0,91985769.0,9.14,0.10824,0.11205,0.11368,0.301,0.048779998,0.16176,-0.093,0.08,16.05,buy,1.9
2026-04-15 12:59:41,B3,ITUB4,ITUB4.SA,2026-04-15 12:00:00,47.09000015258789,47.15999984741211,46.970001220703125,47.0099983215332,1938200.0,47.0099983215332,46.68000030517578,46.369998931884766,47.40999984741211,46.369998931884766,13114900.0,518114064706.295,45.001799774169925,39.47736225128174,49.66999816894531,31.4174747467041,BRL,SAO,ITAUUNIBANCOPN  EJ  N1,Financial Services,Banks - Regional,Brazil,0.267,11.723191,9.047187,2.5347784,1.18,0.8503,47.0,47.01,13115000.0,31637171.0,24200088.0,5403615951.0,5916281737.0,18.546,0.32284,0.0,0.37305,0.0,0.01549,0.21014,0.11,0.028,48.0,strong_buy,1.46154
2026-04-15 12:59:41,B3,LREN3,LREN3.SA,2026-04-15 12:00:00,15.319999694824219,15.420000076293945,15.319999694824219,15.380000114440918,463600.0,15.380000114440918,15.59000015258789,15.59000015258789,15.720000267028809,15.1899995803833,6622300.0,15117930864.550888,15.26260004043579,15.482400012016296,19.8700008392334,12.430000305175781,BRL,SAO,LOJAS RENNERON      NM,Consumer Cyclical,Department Stores,Brazil,0.469,10.680555,8.824779,1.4446741,5.68,0.584,15.38,15.39,6622300.0,15531805.0,16146455.0,976323386.0,,10.646,0.092080005,0.14868,0.1625,0.61707,0.059520002,0.13732,0.048,0.215,19.31333,buy,1.66667
2026-04-15 12:59:41,B3,MGLU3,MGLU3.SA,2026-04-15 12:00:00,9.210000038146973,9.260000228881836,9.199999809265137,9.239999771118164,555300.0,9.239999771118164,9.279999732971191,9.229999542236328,9.420000076293945,9.180000305175781,6391000.0,7159894210.443964,9.461199970245362,8.722882997989654,11.552379608154297,6.2095232009887695,BRL,SAO,MAGAZ LUIZA ON      NM,Consumer Cyclical,Specialty Retail,Brazil,1.12,35.538464,10.471441,0.63461536,0.6,1.1008999,9.24,9.25,6391000.0,19150025.0,14802422.0,774880345.0,315750834.0,14.56,0.00529,0.03882,0.00981,0.29854,0.01979,0.01811,0.034,-0.555,9.19853,hold,3.38462
2026-04-15 12:59:41,B3,MOVI3,MOVI3.SA,2026-04-15 12:00:00,13.300000190734863,13.489999771118164,13.279999732971191,13.4399995803833,357500.0,13.4399995803833,13.350000381469727,13.329999923706055,13.520000457763672,13.210000038146973,1716200.0,4620383218.3047905,12.995548248291016,9.760637075901032,14.970000267028809,5.690000057220459,BRL,SAO,MOVIDA      ON      NM,Industrials,Rental & Leasing Services,Brazil,0.438,14.76923,5.021427,1.5358243,10.3,0.8418,13.44,13.45,1716200.0,5786664.0,10077122.0,337965766.0,114295493.0,8.751,0.0217,0.36856997,0.2325,0.32458,0.062140003,0.116610005,0.126,0.729,14.54662,buy,2.0
2026-04-15 12:59:41,B3,PCAR3,PCAR3.SA,2026-04-15 12:00:00,2.359999895095825,2.4100000858306885,2.309999942779541,2.3399999141693115,2062500.0,2.3399999141693115,2.5199999809265137,2.5,2.5299999713897705,2.299999952316284,6997200.0,1157178968.8549268,2.7887999963760377,3.4647500026226044,4.949999809265137,1.8899999856948853,BRL,SAO,"P.ACUCAR,CBDON      NM",Consumer Cyclical,Department Stores,Brazil,1.207,,-5.1971126,0.54520035,,0.0,2.33,2.34,6997200.0,12940521.0,10546666.0,490637273.0,104682302.0,4.292,-0.043109998,0.049439996,0.03578,0.27562,0.0179,-0.25381002,-0.02,,3.36,underperform,3.66667
2026-04-15 12:59:41,B3,PETR3,PETR3.SA,2026-04-15 12:00:00,52.209999084472656,52.27000045776367,51.79999923706055,51.86000061035156,861400.0,51.86000061035156,52.61000061035156,52.380001068115234,52.59000015258789,51.68000030517578,5277800.0,668409688852.1182,46.81099998474121,37.024800081253055,56.13999938964844,30.84000015258789,BRL,SAO,PETROBRAS   ON      N2,Energy,Oil & Gas Integrated,Brazil,-0.071,6.8326745,6.086854,1.6075636,7.44,0.38869998,51.86,51.87,5277800.0,15749096.0,19083511.0,7442231382.0,8112812836.0,32.26,0.22134,0.41834,0.26850998,0.47632998,0.08613,0.28176,0.05,,50.82857,buy,1.875
2026-04-15 12:59:41,B3,PETR4,PETR4.SA,2026-04-15 12:00:00,47.54999923706055,47.68000030517578,47.40999984741211,47.45000076293945,3757600.0,47.45000076293945,47.95000076293945,47.95000076293945,48.099998474121094,47.25,22380500.0,648332410258.3623,42.971199951171876,34.3564000415802,50.689998626708984,28.860000610351562,BRL,SAO,PETROBRAS   PN      N2,Energy,Oil & Gas Integrated,Brazil,-0.071,6.251647,4.224537,1.4708618,8.16,0.38869998,47.47,47.46,22380500.0,53425006.0,52719111.0,5446501379.0,8112812836.0,32.26,0.22134,0.41834,0.26850998,0.47632998,0.08613,0.28176,0.05,,49.87692,buy,2.0
2026-04-15 12:59:41,B3,PRIO3,PRIO3.SA,2026-04-15 12:00:00,63.75,63.880001068115234,63.45000076293945,63.52000045776367,420800.0,63.52000045776367,65.25,65.0999984741211,65.23999786376953,63.0099983215332,4483500.0,51439353954.223206,59.464799880981445,44.7223999786377,72.9800033569336,32.900001525878906,BRL,SAO,PETRORIO    ON      NM,Energy,Oil & Gas E&P,Brazil,0.239,22.931408,7.9715576,1.9956017,,0.0,63.52,63.56,4483500.0,16110285.0,15764711.0,807383501.0,,31.83,0.14446999,0.51533,0.098859996,0.19917,0.022669999,0.08708999,0.424,,64.40357,buy,1.71429
2026-04-15 12:59:41,B3,RAIL3,RAIL3.SA,2026-04-15 12:00:00,16.940000534057617,17.020000457763672,16.8799991607666,16.899999618530273,492800.0,16.899999618530273,16.93000030517578,16.850000381469727,17.100000381469727,16.829999923706055,2701500.0,31363256365.26313,16.09620008468628,15.766200037002564,20.530000686645508,13.3100004196167,BRL,SAO,RUMO S.A.   ON      NM,Industrials,Railroads,Brazil,-0.022,36.73913,12.908745,2.2657192,4.79,1.7777001,16.88,16.89,2701500.0,12259218.0,14291190.0,1855814028.0,1313562523.0,7.459,0.06117,0.54698,0.39161,0.45391,0.06879,0.059699997,-0.033,,19.8,buy,1.93333
2026-04-15 12:59:41,B3,RDOR3,RDOR3.SA,2026-04-15 12:00:00,40.2599983215332,40.34000015258789,40.029998779296875,40.11000061035156,677200.0,40.11000061035156,42.290000915527344,40.70000076293945,40.779998779296875,40.029998779296875,71357600.0,88342907515.26892,40.2957999420166,40.239049949645995,48.40999984741211,29.25,BRL,SAO,REDE D OR   ON      NM,Healthcare,Medical Care Facilities,Brazil,0.817,18.919813,14.106004,4.5730247,1.5,1.5723,40.11,40.13,71357600.0,7081810.0,5912966.0,2199211735.0,982668832.0,8.771,0.084130004,0.20548001,0.17809,0.21854,0.059809998,0.20047002,0.119,0.238,51.58333,strong_buy,1.30769
2026-04-15 12:59:41,B3,RENT3,RENT3.SA,2026-04-15 12:00:00,50.91999816894531,51.290000915527344,50.84000015258789,51.209999084472656,452600.0,51.209999084472656,50.9900016784668,50.63999938964844,51.470001220703125,50.400001525878906,2763000.0,54005156313.05111,48.45480010986328,41.99365003585815,53.0,32.70000076293945,BRL,SAO,LOCALIZA    ON      NM,Industrials,Rental & Leasing Services,Brazil,0.34,29.09659,10.267196,2.1960633,4.1,1.1341001,51.19,51.21,2763000.0,9638621.0,10566322.0,1054582255.0,856989936.0,23.319,0.044889998,0.19489999,0.21751,0.21954,0.05748,0.07211,0.117,0.109,58.45333,buy,1.6
2026-04-15 12:59:41,B3,SANB11,SANB11.SA,2026-04-15 12:00:00,31.459999084472656,31.59000015258789,31.43000030517578,31.450000762939453,812300.0,31.450000762939453,32.150001525878906,32.099998474121094,32.11000061035156,31.43000030517578,1886500.0,148457262229.49585,32.69219993591309,30.8455500125885,37.83000183105469,25.489999771118164,BRL,SAO,SANTANDER BRUNT,Financial Services,Banks - Regional,Brazil,0.322,15.371457,6.00794,0.9385819,5.53,,31.45,31.46,1886600.0,3841088.0,2902900.0,3735435525.0,3735623127.0,33.508,0.27953,0.0,0.18215,0.0,0.0103400005,0.10524,0.116,0.273,36.66923,hold,2.61538
2026-04-15 12:59:41,B3,SBSP3,SBSP3.SA,2026-04-15 12:00:00,168.25999450683594,169.2899932861328,168.00999450683594,169.22000122070312,233300.0,169.22000122070312,168.89999389648438,168.8000030517578,169.75999450683594,167.35000610351562,1182200.0,121866887881.57175,152.0312124633789,130.50012195587158,171.72999572753906,102.58851623535156,BRL,SAO,SABESP      ON      NM,Utilities,Utilities - Regulated Water,Brazil,0.199,13.7020235,12.527113,2.799014,0.49,0.5066,169.21,169.27,1182200.0,3224836.0,3241933.0,720162621.0,468716980.0,60.457,0.22215,0.38157,0.34567,0.37017,0.084989995,0.21334,0.439,0.872,159.11856,buy,1.6875
2026-04-15 12:59:41,B3,SLCE3,SLCE3.SA,2026-04-15 12:00:00,18.739999771118164,18.739999771118164,18.479999542236328,18.530000686645508,434800.0,18.530000686645508,19.31999969482422,19.299999237060547,19.3799991607666,18.479999542236328,1701900.0,9205937281.76412,17.196999778747557,15.58000518321991,19.479999542236328,13.84000015258789,BRL,SAO,SLC AGRICOLAON      NM,Consumer Defensive,Farm Products,Brazil,0.316,16.544643,8.797919,1.8297621,6.68,1.1533,18.52,18.53,1701900.0,2684498.0,3639620.0,496812571.0,170762263.0,10.127,0.064959995,0.26997,0.026870001,0.34244,0.06277,0.11582,0.15,,19.70909,hold,2.81818
2026-04-15 12:59:41,B3,TIMS3,TIMS3.SA,2026-04-15 12:00:00,27.1299991607666,27.170000076293945,26.989999771118164,27.059999465942383,308200.0,27.059999465942383,27.270000457763672,27.270000457763672,27.489999771118164,26.989999771118164,1633900.0,64637363517.633484,26.852600021362306,23.873500003814698,28.739999771118164,17.34000015258789,BRL,SAO,TIM         ON      NM,Communication Services,Telecom Services,Brazil,0.299,15.202247,12.211964,2.695756,9.52,1.4117999,27.05,27.06,1633900.0,6142726.0,5134500.0,2388668322.0,2388261815.0,10.038,0.16194999,0.41569,0.27545,0.53928,0.0735,0.17117001,0.044,0.291,28.31429,buy,2.42857
2026-04-15 12:59:41,B3,TOTS3,TOTS3.SA,2026-04-15 12:00:00,35.400001525878906,35.5099983215332,35.09000015258789,35.119998931884766,307600.0,35.119998931884766,34.7599983215332,34.63999938964844,35.63999938964844,34.4900016784668,1346600.0,20540790375.36668,36.796200103759766,41.88059997558594,48.400001525878906,33.02000045776367,BRL,SAO,TOTVS       ON      NM,Technology,Software - Application,Brazil,0.545,24.9078,15.7488785,4.0423574,1.87,0.4335,35.11,35.14,1346600.0,5119686.0,3505830.0,579848243.0,485228645.0,8.688,0.1545,0.2208,0.21545,0.70264,0.075840004,0.16139999,0.151,0.429,51.75385,none,
2026-04-15 12:59:41,B3,UGPA3,UGPA3.SA,2026-04-15 12:00:00,30.610000610351562,30.760000228881836,30.56999969482422,30.700000762939453,273100.0,30.700000762939453,30.079999923706055,30.1299991607666,30.790000915527344,30.09000015258789,2374100.0,32811157539.404755,27.344800071716307,22.003449959754946,30.729999542236328,15.579999923706055,BRL,SAO,ULTRAPAR    ON      NM,Energy,Oil & Gas Refining & Marketing,Brazil,0.417,13.06383,11.734712,2.0942767,5.81,0.7443,30.69,30.7,2374100.0,6639148.0,6110070.0,1068767319.0,645872968.0,14.659,0.017239999,0.04482,0.03091,0.06574,0.06954,0.16381,0.072,-0.595,29.0375,buy,2.25
2026-04-15 12:59:41,B3,VALE3,VALE3.SA,2026-04-15 12:00:00,88.38999938964844,88.47000122070312,88.08999633789062,88.4000015258789,1789900.0,88.4000015258789,88.3499984741211,88.1500015258789,89.08000183105469,87.88999938964844,10105600.0,385876242761.83813,83.5679998779297,67.92390001296997,91.62000274658203,49.720001220703125,BRL,SAO,VALE        ON  ATZ NM,Basic Materials,Other Industrial Metals & Mining,Brazil,0.889,32.145454,7.995449,2.0475287,7.81,2.0855,88.39,88.4,10105600.0,27576761.0,19626133.0,4365115781.0,3967404263.0,43.174,0.06467,0.35986,0.27639,0.34976003,0.077870004,0.05867,0.005,,87.748695,buy,2.15385
2026-04-15 12:59:41,B3,VIVT3,VIVT3.SA,2026-04-15 12:00:00,41.470001220703125,41.56999969482422,41.41999816894531,41.54999923706055,243400.0,41.54999923706055,41.310001373291016,41.36000061035156,41.93000030517578,41.349998474121094,1390600.0,132777441529.09584,40.93220016479492,35.19270009994507,43.470001220703125,25.270000457763672,BRL,SAO,TELEF BRASILON,Communication Services,Telecom Services,Brazil,0.41,21.753927,12.958619,1.9321089,5.57,0.52889997,41.55,41.55,1390600.0,5321480.0,4330630.0,3195606352.0,705206410.0,21.505,0.1035,0.32474998,0.19459,0.48099998,0.05242,0.08901,0.071,0.093,39.86429,buy,2.35714
2026-04-15 12:59:41,B3,VVAR3,VVAR3.SA,,,,,,,,,,,,,,,,,,,,,,,,,,,,,,,,,,,,,,,,,,,,,,,,
2026-04-15 12:59:41,B3,WEGE3,WEGE3.SA,2026-04-15 12:00:00,50.119998931884766,50.150001525878906,49.81999969482422,49.90999984741211,1146900.0,49.90999984741211,51.970001220703125,51.900001525878906,52.099998474121094,49.75,6031200.0,209413859237.5772,49.861200103759764,43.72014989852905,54.529998779296875,35.25,BRL,SAO,WEG         ON      NM,Industrials,Electrical Equipment & Parts,Brazil,0.047,32.835526,25.51036,12.023608,0.77,1.1888,49.87,49.89,6031200.0,7884775.0,7453655.0,4195829691.0,1485947686.0,4.151,0.15626,0.21486,0.19398001,0.3353,0.11845,0.32514998,-0.053,-0.063,54.47143,hold,2.57143
2026-04-15 12:59:41,B3,XPBR31,XPBR31.SA,2026-04-15 12:00:00,103.37999725341797,104.26000213623047,103.12999725341797,103.69999694824219,135697.0,103.69999694824219,105.58999633789062,104.66000366210938,107.52999877929688,103.12999725341797,522724.0,53648919549.481155,102.67800033569335,98.26905006408691,119.37000274658203,79.30000305175781,BRL,SAO,XP INC      DR1,Financial Services,Capital Markets,Cayman Islands,1.276,10.668724,8.3705845,2.2845435,0.94,0.102299996,103.67,103.73,522724.0,1078326.0,1035054.0,416451545.0,415067863.0,45.392,0.29088,0.0,0.31500998,0.69263,0.0139,0.23715,0.133,0.141,142.0,buy,2.0
2026-04-15 12:59:41,Global,005930.KS,005930.KS,2026-04-15 02:00:00,213750.0,214500.0,210000.0,212000.0,4801749.0,211000.0,206500.0,215000.0,215500.0,210000.0,26309263.0,1392248580977000.0,186484.693877551,116071.71717171717,223000.0,53700.0,KRW,KSC,SamsungElec,Technology,Consumer Electronics,South Korea,1.211,,7.3448596,,1.1,0.2526,211000.0,211500.0,26309263.0,31067426.0,28241570.0,5795963304.0,5456638254.0,,0.13267,0.26756,0.21322,0.39379,0.0504,0.10783,0.238,1.622,239873.48,none,
2026-04-15 12:59:41,Global,2222.SR,2222.SR,2026-04-15 08:00:00,27.459999084472656,27.479999542236328,27.399999618530273,27.479999542236328,4212150.0,27.540000915527344,27.360000610351562,27.360000610351562,27.540000915527344,27.34000015258789,17807205.0,6662130017472.84,26.392000045776367,24.979299983978272,27.760000228881836,23.040000915527344,SAR,SAU,Saudi Arabian Oil Co.,Energy,Oil & Gas Integrated,Saudi Arabia,-0.01,19.125,16.491018,4.4649806,4.96,0.91059995,27.46,27.46,17807205.0,14983055.0,16501384.0,241907400000.0,5989627224.0,6.168,0.20826,0.49370998,0.42664,0.55733,0.18552,0.20764999,-0.029,-0.195,28.883,buy,2.23529
2026-04-15 12:59:41,Global,9988.HK,9988.HK,2026-04-15 04:30:00,129.1999969482422,129.3000030517578,128.60000610351562,128.60000610351562,14726369.0,128.6,124.5,129.5,131.0,128.39999389648438,95222777.0,2460638989206.8,139.66122405383052,142.33618106554502,186.1999969482422,101.80000305175781,HKD,HKG,BABA-W,Consumer Cyclical,Internet Retail,Hong Kong,0.489,23.171171,16.547754,2.0020552,0.83,0.19450001,128.6,128.7,95222777.0,84613426.0,87014248.0,19134051238.0,17578696960.0,64.23399,0.08912,0.13638,0.07078,0.40755,0.03134,0.082329996,0.017,-0.709,185.14229,strong_buy,1.27273
2026-04-15 12:59:41,Global,AAPL,AAPL,2026-04-15 12:30:00,263.18499755859375,264.7699890136719,262.9849853515625,264.32000732421875,2630664.0,264.32000732421875,258.6001,258.0950012207031,264.7699890136719,257.82000732421875,18403992.0,3884955907970.825,260.8827996826172,251.21179931640626,288.6199951171875,189.80999755859375,USD,NMS,Apple Inc.,Technology,Consumer Electronics,United States,1.109,33.500637,28.384178,44.068024,0.4,0.1304,263.89,264.64,18403992.0,47195496.0,39732000.0,14681140000.0,14655888439.0,5.998,0.27037,0.35099998,0.35374,0.47325,0.24377,1.5202099,0.157,0.183,296.3305,buy,1.89583
2026-04-15 12:59:41,Global,AMD,AMD,2026-04-15 12:30:00,256.7099914550781,257.45001220703125,255.8699951171875,255.9949951171875,1093233.0,255.9949951171875,253.3,255.02999877929688,257.59991455078125,253.24000549316406,10666766.0,417377016048.78955,209.61080017089844,200.48759986877442,267.0799865722656,83.75,USD,NMS,"Advanced Micro Devices, Inc.",Technology,Semiconductors,United States,1.963,98.45962,23.631994,6.623415,,0.0,256.5,256.57,10666823.0,37431775.0,32638550.0,1630338779.0,1621443583.0,38.65,0.12515001,0.19472,0.17059,0.52493,0.032,0.07082,0.341,2.171,289.34784,buy,1.57143
2026-04-15 12:59:41,Global,AMZN,AMZN,2026-04-15 12:30:00,247.74000549316406,248.36000061035156,247.3300018310547,247.83999633789062,2099719.0,247.83999633789062,249.16,249.1999969482422,250.44000244140625,247.1999969482422,17986648.0,2665333726480.9136,213.5602005004883,225.1564500427246,258.6000061035156,165.2899932861328,USD,NMS,"Amazon.com, Inc.",Consumer Cyclical,Internet Retail,United States,1.383,34.566246,26.409393,6.4700046,,0.0,247.0,248.3,17986648.0,51738766.0,47805430.0,10754251799.0,9756110785.0,38.306,0.108339995,0.20327,0.10533,0.50286,0.06928,0.22286,0.136,0.05,281.1797,strong_buy,1.33824
2026-04-15 12:59:41,Global,ASML,ASML,2026-04-15 12:30:00,1448.97998046875,1452.0,1444.75,1446.675048828125,153376.0,1446.675048828125,1528.4589,1473.3699951171875,1474.4000244140625,1436.47998046875,2257561.0,568049520848.4873,1395.4078076171875,1074.5677487182618,1547.219970703125,614.0599975585938,USD,NMS,ASML Holding N.V. - New York Re,Technology,Semiconductor Equipment & Materials,Netherlands,1.382,50.144714,31.67184,24.564714,0.58,0.266,1450.45,1446.68,2257561.0,1802035.0,1702400.0,385417665.0,385294331.0,58.892403,0.29416,0.37549,0.35304,0.52830005,0.14247,0.50458,0.049,0.072,1511.4031,strong_buy,1.5
2026-04-15 12:59:41,Global,AVGO,AVGO,2026-04-15 12:30:00,391.6400146484375,392.8900146484375,391.20001220703125,392.3599853515625,1561652.0,392.3599853515625,392.9998,389.875,396.56988525390625,385.57000732421875,14278645.0,1860286118323.3872,328.58300048828124,331.26155029296876,414.6099853515625,161.61000061035156,USD,NMS,Broadcom Inc.,Technology,Semiconductors,United States,1.253,76.33463,21.804996,23.26475,0.68,0.47169998,392.7,397.0,14278766.0,26706215.0,23819280.0,4734668184.0,4675721565.0,16.865,0.36571997,0.54506,0.44943002,0.76725996,0.10663,0.33370999,0.295,0.316,472.92395,strong_buy,1.26531
2026-04-15 12:59:41,Global,BABA,BABA,2026-04-15 12:30:00,133.3300018310547,133.36000061035156,132.66000366210938,132.85000610351562,600432.0,132.85000610351562,131.83,132.6999969482422,133.57000732421875,131.3822021484375,4333021.0,317744853002.37256,139.94419998168945,146.66419967651368,192.6699981689453,103.70999908447266,USD,NYQ,Alibaba Group Holding Limited,Consumer Cyclical,Internet Retail,Hong Kong,0.489,23.430336,17.689121,2.045011,0.8,0.19450001,132.93,133.03,4333021.0,11170161.0,9772080.0,2391756405.0,17578696960.0,64.962975,0.08912,0.13638,0.07078,0.40755,0.03134,0.082329996,0.017,-0.709,189.0062,strong_buy,1.39024
2026-04-15 12:59:41,Global,BAC,BAC,2026-04-15 12:30:00,54.16999816894531,54.38999938964844,54.099998474121094,54.349998474121094,2665626.0,54.349998474121094,53.39,54.25,55.400001525878906,53.70500183105469,27129159.0,390052664988.7521,50.688000183105466,51.0515500831604,57.54999923706055,36.4900016784668,USD,NYQ,Bank of America Corporation,Financial Services,Banks - Diversified,United States,1.237,14.265092,10.90389,1.4138548,2.1,0.28350002,54.32,54.34,27129159.0,40991415.0,32823860.0,7145709181.0,7149123710.0,38.441,0.28401,0.0,0.41627997,0.0,0.00914,0.10217,0.072,0.212,60.5625,strong_buy,1.5
2026-04-15 12:59:41,Global,BRK-B,BRK-B,2026-04-15 12:30:00,474.9700012207031,475.1875915527344,474.6000061035156,474.80999755859375,149424.0,474.80999755859375,477.925,478.0,478.7699890136719,473.82000732421875,1727126.0,1024103923740.4016,489.4708013916016,490.351199798584,542.0700073242188,455.19000244140625,USD,NYQ,Berkshire Hathaway Inc. New,Financial Services,Insurance - Diversified,United States,0.699,15.296714,21.828388,0.0009521661,,0.0,474.74,474.89,1727126.0,4811145.0,3857110.0,1390722404.0,1235251.0,498663.0,0.18029,0.29774,0.32956,0.26146,0.051090002,0.09809,-0.007,-0.025,523.0,buy,2.0
2026-04-15 12:59:41,Global,COST,COST,2026-04-15 12:30:00,976.8607788085938,977.9600219726562,975.8099975585938,976.4000244140625,86007.0,976.4000244140625,973.45,970.3099975585938,978.6998901367188,968.2999877929688,547447.0,433394103737.05554,993.9497973632813,949.0997998046874,1067.0799560546875,844.0599975585938,USD,NMS,Costco Wholesale Corporation,Consumer Defensive,Discount Stores,United States,0.978,50.854164,43.46098,26.192392,0.53,0.27040002,965.0,976.85,547447.0,2069006.0,1934480.0,443652540.0,440916269.0,37.278,0.029860001,0.047020003,0.036730003,0.12926,0.08718,0.29650998,0.215,0.455,1067.9375,buy,1.94595
2026-04-15 12:59:41,Global,CVX,CVX,2026-04-15 12:30:00,185.38999938964844,185.60000610351562,184.6999969482422,184.89999389648438,386529.0,184.89999389648438,186.49,186.35499572753906,187.22000122070312,184.04010009765625,3290633.0,368302076147.3146,191.43899932861328,164.0844997406006,214.7100067138672,132.3300018310547,USD,NYQ,Chevron Corporation,Energy,Oil & Gas Integrated,United States,0.587,27.846386,16.761168,1.963783,3.81,1.0317,185.19,185.25,3290633.0,12846158.0,13598810.0,1991898801.0,1853852843.0,94.155,0.06661,0.20379,0.09462,0.41896,0.03794,0.07231,-0.082,-0.238,207.95833,buy,1.96154
2026-04-15 12:59:41,Global,GOOGL,GOOGL,2026-04-15 12:30:00,332.885009765625,333.6549987792969,332.6400146484375,333.17498779296875,910730.0,333.17498779296875,333.29,332.8900146484375,334.8500061035156,330.8999938964844,8615967.0,4030417827331.543,307.9045983886719,270.09879959106445,349.0,146.10000610351562,USD,NMS,Alphabet Inc.,Communication Services,Internet Content & Information,United States,1.128,30.792513,24.783424,9.69857,0.25,0.076799996,332.02,335.98,8615967.0,33550273.0,26628700.0,5822000000.0,10833468350.0,34.353,0.32810003,0.37278998,0.31568,0.59652,0.15427,0.35705003,0.18,0.311,375.9325,strong_buy,1.37313
2026-04-15 12:59:41,Global,JNJ,JNJ,2026-04-15 12:30:00,238.08999633789062,238.67990112304688,237.5,237.6199951171875,297836.0,237.6199951171875,240.0,239.93499755859375,240.4199981689453,237.3000030517578,1834875.0,572640173405.2354,241.13620086669923,201.5004500579834,251.7100067138672,146.1199951171875,USD,NYQ,Johnson & Johnson,Healthcare,Drug Manufacturers - General,United States,0.329,21.562613,18.81626,7.0166836,2.23,0.466,238.5,238.66,1834875.0,8659020.0,7175410.0,2408613219.0,2406067197.0,33.865,0.21834,0.35391998,0.26723,0.67997,,,0.099,-0.529,241.91667,buy,2.12
2026-04-15 12:59:41,Global,JPM,JPM,2026-04-15 12:30:00,306.45001220703125,306.5799865722656,305.19000244140625,305.57501220703125,487783.0,305.57501220703125,311.29,313.95001220703125,314.2200012207031,305.010009765625,4229380.0,824145700913.3835,299.6536010742187,303.3723504638672,337.25,226.33999633789062,USD,NYQ,JP Morgan Chase & Co.,Financial Services,Banks - Diversified,United States,1.043,14.634819,13.035608,2.4063299,1.93,0.2824,305.76,305.71,4229894.0,10650033.0,8889890.0,2679500000.0,2665084290.0,126.988,0.33936,0.0,0.43051997,0.0,0.01272,0.16465001,0.127,0.172,334.43478,buy,2.19231
2026-04-15 12:59:41,Global,LLY,LLY,2026-04-15 12:30:00,910.7650146484375,914.2598876953125,899.2119750976562,900.6900024414062,261652.0,900.6900024414062,924.8453,923.5,930.0,899.2119750976562,1041018.0,806134446427.4343,981.721005859375,903.3358029174805,1133.949951171875,623.780029296875,USD,NYQ,Eli Lilly and Company,Healthcare,Drug Manufacturers - General,United States,0.504,39.211582,21.436476,30.37228,0.68,0.26139998,911.0,911.59,1041019.0,3126855.0,2765390.0,893357420.0,890981089.0,29.655,0.31667,0.48625,0.44896,0.83044,0.19415002,1.01159,0.426,0.514,1209.6897,buy,1.70968
2026-04-15 12:59:41,Global,MA,MA,2026-04-15 12:30:00,517.3150024414062,518.356201171875,516.7999877929688,518.1500244140625,128363.0,518.1500244140625,513.13,516.0,518.356201171875,513.2100219726562,1176411.0,462416597907.77893,513.7177990722656,551.4303479003906,601.77001953125,480.5,USD,NYQ,Mastercard Incorporated,Financial Services,Credit Services,United States,0.831,31.365013,22.862997,59.874046,0.68,0.184,517.11,517.36,1176473.0,3839655.0,3409150.0,885216386.0,883982199.0,8.654,0.45646998,0.62651,0.57733,1.0,0.23719999,2.09915,0.176,0.242,657.1143,strong_buy,1.34211
2026-04-15 12:59:41,Global,META,META,2026-04-15 12:30:00,673.5150146484375,676.0900268554688,672.6699829101562,674.760009765625,696307.0,674.760009765625,665.935,667.0,676.155029296875,664.219970703125,6413666.0,1706842869591.33,630.452197265625,682.0253988647461,796.25,479.79998779296875,USD,NMS,"Meta Platforms, Inc.",Communication Services,Internet Content & Information,United States,1.309,28.688776,18.945248,7.8581996,0.32,0.08939999,675.29,675.19,6413666.0,16421785.0,18070090.0,2187177748.0,2183866414.0,85.867,0.30084,0.50701,0.41314998,0.81999,0.16212,0.30238,0.238,0.107,855.6793,strong_buy,1.34328
2026-04-15 12:59:41,Global,MSFT,MSFT,2026-04-15 12:30:00,407.92999267578125,407.95001220703125,406.61749267578125,406.95001220703125,1737583.0,406.95001220703125,394.3999,397.8500061035156,408.8900146484375,396.7300109863281,18709861.0,3024606177836.4663,392.1575988769531,473.112099609375,555.4500122070312,355.6700134277344,USD,NMS,Microsoft Corporation,Technology,Software - Infrastructure,United States,1.107,25.434376,21.527042,7.7344866,0.93,0.21280001,407.06,407.2,18709861.0,37430888.0,30104260.0,7425629076.0,7414713401.0,52.615,0.39044,0.57377,0.47094002,0.68586,0.1486,0.34390998,0.167,0.598,585.4065,strong_buy,1.27586
2026-04-15 12:59:41,Global,NVDA,NVDA,2026-04-15 12:30:00,199.7949981689453,200.39999389648438,199.42999267578125,199.6199951171875,15931766.0,199.6199951171875,196.19,196.5500030517578,200.39999389648438,196.25999450683594,86332291.0,4851763981323.242,182.1213995361328,181.12435035705568,212.19000244140625,95.04000091552734,USD,NMS,NVIDIA Corporation,Technology,Semiconductors,United States,2.335,40.82004,17.80566,30.842089,0.02,0.0082,199.68,200.0,86333609.0,178422101.0,149651560.0,24300000000.0,23321682000.0,6.472,0.55603004,0.61698,0.65024,0.71068,0.51188,1.01485,0.732,0.956,268.22195,strong_buy,1.28333
2026-04-15 12:59:41,Global,ORCL,ORCL,2026-04-15 12:30:00,172.14999389648438,172.1649932861328,170.5500030517578,170.8000030517578,2007868.0,170.8000030517578,163.8,166.88999938964844,172.55999755859375,166.2100067138672,24867403.0,491228665576.99585,150.33279876708986,215.99594924926757,345.7200012207031,121.23999786376953,USD,NYQ,Oracle Corporation,Technology,Software - Infrastructure,United States,1.597,30.664272,21.423052,14.640837,1.23,0.35909998,170.65,170.68,24867403.0,28893110.0,27890490.0,2876046000.0,1708975294.0,11.666,0.25298,0.42826,0.32676,0.67084,0.06335,0.57572,0.217,0.245,246.45872,buy,1.61364
2026-04-15 12:59:41,Global,PG,PG,2026-04-15 12:30:00,142.9499969482422,143.4550018310547,142.88499450683594,143.36000061035156,228649.0,143.36000061035156,144.38,144.36000061035156,144.40310668945312,142.25999450683594,2042811.0,334994123010.86896,152.73980072021484,151.47630043029784,171.64999389648438,137.6199951171875,USD,NYQ,Procter & Gamble Company (The),Consumer Defensive,Household & Personal Products,United States,0.403,21.2071,19.734081,6.3735385,2.93,0.6188,143.41,143.44,2042811.0,11149808.0,7961810.0,2324000685.0,2319771004.0,22.493,0.19299999,0.29047,0.26297,0.51189,0.10898,0.31562,0.015,-0.054,164.95454,buy,2.08333
2026-04-15 12:59:41,Global,SAP,SAP,2026-04-15 12:30:00,173.0500030517578,173.1300048828125,172.4810028076172,172.78500366210938,223893.0,172.78500366210938,169.0,170.97000122070312,173.1199951171875,170.14999389648438,1520214.0,203179254781.85843,188.71559997558595,245.0898503112793,313.2799987792969,160.66000366210938,USD,NYQ,SAP  SE,Technology,Software - Application,Germany,0.762,24.267557,17.293772,3.909575,1.77,0.38,172.6,172.73,1520214.0,3318820.0,3170390.0,1167559048.0,1042910444.0,44.195343,0.19459,0.30527002,0.29213,0.73764,0.090059996,0.16122,0.033,0.05,290.16666,buy,1.625
2026-04-15 12:59:41,Global,TM,TM,2026-04-15 12:30:00,212.6999969482422,212.83999633789062,212.4001007080078,212.44000244140625,28091.0,212.44000244140625,216.3604,212.52999877929688,213.1649932861328,212.0399932861328,91296.0,276892853952.7923,224.02159881591797,205.31814979553224,248.89999389648438,167.17999267578125,USD,NYQ,Toyota Motor Corporation,Consumer Cyclical,Auto Manufacturers,Japan,0.357,11.94154,13.462611,18.10258,2.71,0.33200002,212.41,212.66,91296.0,302796.0,291000.0,1303393197.0,9737764559.0,11.735345,0.073249996,0.12299,0.08851,0.17597,0.0273,0.10032,0.086,-0.423,257.23853,none,
2026-04-15 12:59:41,Global,TSLA,TSLA,2026-04-15 12:30:00,388.57000732421875,394.1300048828125,387.6000061035156,391.8399963378906,13557021.0,391.8399963378906,366.0,366.7950134277344,394.1300048828125,362.5,55689787.0,1470352934868.7437,391.69879943847656,397.6700500488281,498.8299865722656,222.7899932861328,USD,NMS,"Tesla, Inc.",Consumer Cyclical,Auto Manufacturers,United States,1.915,359.48624,141.36662,17.89469,,0.0,391.35,396.0,55689787.0,61866270.0,67520150.0,3752431984.0,2812635394.0,21.897,0.040009998,0.11076,0.047030002,0.18027,0.02095,0.049250003,-0.031,-0.606,415.2966,buy,2.4375
2026-04-15 12:59:41,Global,TSM,TSM,2026-04-15 12:30:00,380.0899963378906,380.0899963378906,376.7200012207031,376.9150085449219,833647.0,376.9150085449219,384.3,381.4100036621094,381.9700012207031,376.7200012207031,6367672.0,1954871540209.4392,352.1604016113281,295.47420021057127,390.2099914550781,145.83999633789062,USD,NYQ,Taiwan Semiconductor Manufactur,Technology,Semiconductors,Taiwan,1.251,36.207012,20.446962,57.655594,0.92,0.2873,379.09,379.17,6367672.0,13330916.0,11634440.0,5186504904.0,24177929426.0,6.5373535,0.45099998,0.68633,0.53916,0.59891,0.16555001,0.35064,0.205,0.35,439.54056,strong_buy,1.42105
2026-04-15 12:59:41,Global,UNH,UNH,2026-04-15 12:30:00,313.2004089355469,313.239990234375,312.04998779296875,312.1300048828125,302173.0,312.2049865722656,314.34,316.0,317.760009765625,311.1449890136719,2199206.0,283380923126.96497,284.14299926757815,312.5839993286133,594.8099975585938,234.60000610351562,USD,NYQ,UnitedHealth Group Incorporated,Healthcare,Healthcare Plans,United States,0.408,23.59826,15.5043545,3.0056124,2.81,0.65989995,312.62,312.8,2199206.0,10132838.0,8467920.0,907675839.0,899987825.0,103.874,0.02694,0.04832,0.00336,0.18526,0.039,0.12538,0.123,-0.999,360.96155,buy,1.72414
2026-04-15 12:59:41,Global,V,V,2026-04-15 12:30:00,313.54998779296875,314.0874938964844,313.1300964355469,313.6600036621094,263821.0,313.6600036621094,311.42,313.0,314.0874938964844,311.5199890136719,1735852.0,604748908310.3519,313.04639709472656,335.10574783325194,375.510009765625,293.8900146484375,USD,NYQ,Visa Inc.,Financial Services,Credit Services,United States,0.799,29.451645,21.567232,15.656384,0.86,0.2291,313.26,313.38,1735852.0,7682405.0,6148270.0,1681093942.0,1739792978.0,20.034,0.50233,0.70032,0.68296,0.97777003,0.18364,0.53954,0.146,0.174,394.85742,strong_buy,1.33333
2026-04-15 12:59:41,Global,WMT,WMT,2026-04-15 12:30:00,123.56999969482422,123.80999755859375,123.5,123.62999725341797,663666.0,123.62000274658203,124.94,124.5,124.9000015258789,123.17990112304688,5298727.0,985548419070.4774,125.66159988403321,110.29889991760254,134.69000244140625,90.61000061035156,USD,NMS,Walmart Inc.,Consumer Defensive,Discount Stores,United States,0.661,45.285713,37.637794,9.889608,0.79,0.3443,123.77,131.15,5299754.0,29527768.0,15496140.0,7972402501.0,4375015320.0,12.501,0.0307,0.061739996,0.04567,0.24927,0.06834,0.21847,0.056,-0.19,136.43903,strong_buy,1.44186
2026-04-15 12:59:41,Global,XOM,XOM,2026-04-15 12:30:00,148.8300018310547,149.1199951171875,148.27000427246094,148.47999572753906,749443.0,148.47999572753906,148.66,148.60000610351562,149.4600067138672,146.89999389648438,5453685.0,617165924180.4623,154.35299926757813,125.35559993743897,176.41000366210938,101.19000244140625,USD,NYQ,Exxon Mobil Corporation,Energy,Oil & Gas Integrated,United States,0.288,22.161194,14.918789,2.3921764,2.76,0.597,148.81,148.82,5453735.0,23114701.0,25232880.0,4156559415.0,4158096585.0,62.069,0.089049995,0.18334,0.09527001,0.31049,0.04902,0.110810004,-0.013,-0.11,162.70833,buy,2.30769
2026-04-15 13:33:54,B3,ABEV3,ABEV3.SA,2026-04-15 13:00:00,15.819999694824219,15.829999923706055,15.800000190734863,15.800000190734863,462100.0,15.800000190734863,15.90999984741211,15.84000015258789,15.9399995803833,15.779999732971191,8575000.0,246744941028.46216,15.49520004272461,13.657899990081788,16.770000457763672,11.680000305175781,BRL,SAO,AMBEV S/A   ON  ATZ,Consumer Defensive,Beverages - Brewers,Brazil,0.31,15.959596,14.064197,2.8063943,15.02,1.7388,15.8,15.81,8575000.0,27644748.0,24442566.0,15596694040.0,4227862084.0,5.63,0.17569,0.30844998,0.28194,0.51425,0.091359995,0.16976999,-0.082,-0.101,15.34444,hold,3.11111
2026-04-15 13:33:54,B3,AGRO3,AGRO3.SA,2026-04-15 13:00:00,20.3799991607666,20.389999389648438,20.350000381469727,20.350000381469727,2000.0,20.350000381469727,20.469999313354492,20.450000762939453,20.5,20.200000762939453,77800.0,2027174608.3002815,21.020400047302246,20.46100001335144,22.75,18.59000015258789,BRL,SAO,BRASILAGRO  ON      NM,Consumer Defensive,Farm Products,Brazil,0.157,,8.14,0.9755045,3.68,1.1292,20.35,20.38,77800.0,218143.0,221611.0,99615457.0,46594134.0,20.861,-0.0016300001,-0.09711,-0.08424,0.043920003,-0.01319,-0.00074,0.248,,23.83333,none,
2026-04-15 13:33:54,B3,ASAI3,ASAI3.SA,2026-04-15 13:00:00,9.9399995803833,9.970000267028809,9.90999984741211,9.960000038146973,133400.0,9.960000038146973,10.149999618530273,10.039999961853027,10.149999618530273,9.819999694824219,5737000.0,13363829473.503698,8.813799915313721,9.04629995584488,12.039999961853027,6.909999847412109,BRL,SAO,ASSAI       ON      NM,Consumer Defensive,Grocery Stores,Brazil,0.361,14.6470585,8.777031,2.4063785,1.17,0.1583,9.95,9.96,5737200.0,15680750.0,11855030.0,1341749942.0,1138962519.0,4.139,0.00643,0.06767,0.058569998,0.17014,0.05505,0.09196,0.031,-0.979,11.50714,buy,1.86667
2026-04-15 13:33:54,B3,B3SA3,B3SA3.SA,2026-04-15 13:00:00,19.700000762939453,19.739999771118164,19.690000534057617,19.700000762939453,622300.0,19.700000762939453,19.65999984741211,19.68000030517578,19.8700008392334,19.549999237060547,19094500.0,98712361371.62143,17.665800094604492,14.598350024223327,19.739999771118164,11.960000038146973,BRL,SAO,B3          ON  EJ  NM,Financial Services,Financial Data & Stock Exchanges,Brazil,0.249,23.734941,16.07704,5.687067,3.08,0.71239996,19.7,19.7,19094500.0,44185066.0,42255011.0,5010779571.0,,3.464,0.45544997,0.67509,0.65740997,0.95489,0.08862001,0.25591,0.105,-0.169,19.17857,buy,2.0
2026-04-15 13:33:54,B3,BBAS3,BBAS3.SA,2026-04-15 13:00:00,24.459999084472656,24.479999542236328,24.40999984741211,24.459999084472656,991800.0,24.459999084472656,25.389999389648438,25.040000915527344,25.290000915527344,24.40999984741211,20613100.0,139626925790.42365,24.819599952697754,22.25609999656677,30.040000915527344,18.1200008392334,BRL,SAO,BRASIL      ON      NM,Financial Services,Banks - Regional,Brazil,0.406,10.191666,4.5382776,0.7596509,1.11,0.20709999,24.46,24.47,20613100.0,31813645.0,22297522.0,5708378210.0,2586922848.0,32.199,0.24109,0.0,0.18375,0.0,0.00865,0.1106,-0.343,-0.544,26.93846,hold,2.69231
2026-04-15 13:33:54,B3,BBDC3,BBDC3.SA,2026-04-15 13:00:00,17.860000610351562,17.899999618530273,17.850000381469727,17.8799991607666,137800.0,17.8799991607666,18.010000228881836,17.889999389648438,18.1299991607666,17.84000015258789,2358300.0,202895967094.79337,17.42239995956421,15.692950015068055,18.979999542236328,11.289999961853027,BRL,SAO,BRADESCO    ON  EJ  N1,Financial Services,Banks - Regional,Brazil,0.363,8.394365,,1.0599952,1.15,0.613,17.87,17.88,2358300.0,8149866.0,8853188.0,5293220781.0,7558861646.0,16.868,0.26519,0.0,0.2481,0.0,0.010880001,0.13754,0.06,0.572,,none,
2026-04-15 13:33:54,B3,BBDC4,BBDC4.SA,2026-04-15 13:00:00,20.690000534057617,20.709999084472656,20.65999984741211,20.690000534057617,902600.0,20.690000534057617,20.729999542236328,20.65999984741211,20.979999542236328,20.610000610351562,14308300.0,218708037504.68927,20.1403999710083,18.265250000953674,22.1200008392334,12.600000381469727,BRL,SAO,BRADESCO    PN  EJ  N1,Financial Services,Banks - Regional,Brazil,0.363,9.713614,6.8376355,1.2265829,1.1,0.6743,20.69,20.7,14308300.0,38353170.0,36978200.0,5277491247.0,7558861646.0,16.868,0.26519,0.0,0.2481,0.0,0.010880001,0.13754,0.06,0.572,21.84615,none,
2026-04-15 13:33:54,B3,BPAC11,BPAC11.SA,2026-04-15 13:00:00,63.86000061035156,63.86000061035156,63.52000045776367,63.560001373291016,230700.0,63.54999923706055,63.369998931884766,63.29999923706055,64.19000244140625,62.720001220703125,2651100.0,212390150968.98367,58.60199989318848,50.66759994506836,64.30000305175781,33.709999084472656,BRL,SAO,BTGP BANCO  UNT ATZ N2,Financial Services,Capital Markets,Brazil,0.471,103.517914,10.589397,4.3716903,2.21,,63.54,63.55,2651400.0,10448331.0,9436870.0,3342095256.0,2819584803.0,14.539,0.38164002,0.0,0.44472,0.0,0.02307,0.23868,0.187,0.409,65.04615,buy,1.61538
2026-04-15 13:33:54,B3,CCRO3,CCRO3.SA,,,,,,,,,,,,,,,,,,,,,,,,,,,,,,,,,,,,,,,,,,,,,,,,
2026-04-15 13:33:54,B3,CPFE3,CPFE3.SA,2026-04-15 13:00:00,56.33000183105469,56.33000183105469,56.209999084472656,56.25,26700.0,56.25,56.060001373291016,56.15999984741211,56.33000183105469,55.529998779296875,754200.0,64814312250.0,49.50120002746582,44.84615005493164,56.34000015258789,36.060001373291016,BRL,SAO,CPFL ENERGIAON      NM,Utilities,Utilities - Regulated Electric,Brazil,0.27,11.817226,13.060347,2.8819551,6.66,0.587,56.24,56.25,754200.0,1999740.0,2067266.0,1152254440.0,187736816.0,19.518,0.12361,0.30323,0.23545,0.31718,0.087340005,0.25354,-0.009,0.023,47.08538,hold,3.23077
2026-04-15 13:33:54,B3,CPLE6,CPLE6.SA,,,,,,,,,,,,,,,,,,,,,,,,,,,,,,,,,,,,,,,,,,,,,,,,
2026-04-15 13:33:54,B3,CSAN3,CSAN3.SA,2026-04-15 13:00:00,5.429999828338623,5.440000057220459,5.420000076293945,5.420000076293945,269200.0,5.420000076293945,5.489999771118164,5.489999771118164,5.610000133514404,5.420000076293945,7281000.0,21240722968.23235,5.758399982452392,5.967299993038178,8.779999732971191,4.920000076293945,BRL,SAO,COSAN       ON      NM,Energy,Oil & Gas Refining & Marketing,Brazil,0.729,,3.7454996,4.044776,,0.0,5.42,5.43,7281000.0,35133455.0,26090566.0,3918952522.0,1990681916.0,1.34,-0.24054001,0.34592,0.30708998,0.32598,0.048449997,-0.28958,0.265,,7.47778,buy,2.0
2026-04-15 13:33:54,B3,CSNA3,CSNA3.SA,2026-04-15 13:00:00,6.639999866485596,6.639999866485596,6.610000133514404,6.619999885559082,131700.0,6.619999885559082,6.639999866485596,6.630000114440918,6.739999771118164,6.510000228881836,5224200.0,8778741777.380592,7.632199954986572,8.237199988365173,11.319999694824219,5.670000076293945,BRL,SAO,SID NACIONALON,Basic Materials,Steel,Brazil,1.521,,-7.6300683,0.68177134,15.64,0.0,6.62,6.63,5224200.0,15492765.0,10889890.0,1326093947.0,594952049.0,9.71,-0.044699997,0.17889,0.04932,0.26138002,0.02558,-0.096599996,-0.052,,8.98462,underperform,3.53846
2026-04-15 13:33:54,B3,CYRE3,CYRE3.SA,2026-04-15 13:00:00,27.329999923706055,27.43000030517578,27.309999465942383,27.389999389648438,782000.0,27.389999389648438,28.030000686645508,27.850000381469727,28.110000610351562,27.040000915527344,2931400.0,10034240162.239624,28.980799903869627,28.900499982833864,39.060001373291016,23.6299991607666,BRL,SAO,CYRELA REALTON      NM,Consumer Cyclical,Residential Construction,Brazil,0.302,5.993435,4.7674828,0.9810172,13.57,0.83129996,27.39,27.4,2931400.0,6255386.0,6856400.0,366346855.0,236483016.0,27.92,0.21247,0.16306,0.17398001,0.32868,0.03879,0.22374001,0.242,0.164,38.13846,strong_buy,1.46154
2026-04-15 13:33:54,B3,ECOR3,ECOR3.SA,2026-04-15 13:00:00,10.170000076293945,10.199999809265137,10.15999984741211,10.180000305175781,84600.0,10.180000305175781,10.199999809265137,10.199999809265137,10.430000305175781,10.079999923706055,2027200.0,7081424292.966751,9.809800024032592,8.896600003242492,12.380000114440918,5.739999771118164,BRL,SAO,ECORODOVIAS ON      NM,Industrials,Infrastructure Operations,Brazil,0.733,8.015748,12.672252,1.7260089,3.02,0.24219999,10.18,10.19,2027600.0,8365253.0,9521100.0,695621226.0,329007971.0,5.898,0.07689,0.45449,0.30683002,0.38756,0.07679,0.21511999,0.21,-0.26,13.13846,buy,1.84615
2026-04-15 13:33:54,B3,ELET3,ELET3.SA,,,,,,,,,,,,,,,,,,,,,,,,,,,,,,,,,,,,,,,,,,,,,,,,
2026-04-15 13:33:54,B3,ELET6,ELET6.SA,,,,,,,,,,,,,,,,,,,,,,,,,,,,,,,,,,,,,,,,,,,,,,,,
2026-04-15 13:33:54,B3,EMBR3,EMBR3.SA,,,,,,,,,,,,,,,,,,,,,,,,,,,,,,,,,,,,,,,,,,,,,,,,
2026-04-15 13:33:54,B3,ENGI11,ENGI11.SA,2026-04-15 13:00:00,58.119998931884766,58.18000030517578,58.060001373291016,58.13999938964844,83500.0,58.13999938964844,58.130001068115234,58.470001220703125,58.529998779296875,57.849998474121094,1357700.0,26577564490.96971,52.6539998626709,47.43181776046753,58.63999938964844,38.12727355957031,BRL,SAO,ENERGISA    UNT     N2,Utilities,Utilities - Regulated Electric,Brazil,0.21,42.130436,13.975962,1.0525173,5.63,,58.14,58.15,1357700.0,3245816.0,3494270.0,457130457.0,327677966.0,55.239,0.062480003,0.23688,0.11542,0.24744,0.050029997,0.14495,-0.028,-0.553,62.69559,buy,1.53846
2026-04-15 13:33:54,B3,EZTC3,EZTC3.SA,2026-04-15 13:00:00,15.680000305175781,15.710000038146973,15.670000076293945,15.699999809265137,36700.0,15.699999809265137,15.800000190734863,15.800000190734863,16.09000015258789,15.630000114440918,962000.0,4355001390.992318,14.800400047302245,13.46191740512848,16.71967315673828,9.995628356933594,BRL,SAO,EZTEC       ON      NM,Real Estate,Real Estate - Development,Brazil,0.563,8.306878,6.36674,0.86563385,7.69,0.6447,15.68,15.7,962000.0,2132936.0,2010690.0,277388627.0,108516719.0,18.137,0.35694999,0.25906,0.24354,0.41674998,0.03442,0.10949001,-0.369,-0.097,18.41818,hold,2.54545
2026-04-15 13:33:54,B3,FLRY3,FLRY3.SA,2026-04-15 13:00:00,16.81999969482422,16.860000610351562,16.809999465942383,16.84000015258789,82600.0,16.84000015258789,17.670000076293945,17.559999465942383,17.639999389648438,16.809999465942383,1981000.0,9154644762.99059,16.452400112152098,15.314350028038024,18.100000381469727,12.039999961853027,BRL,SAO,FLEURY      ON      NM,Healthcare,Diagnostics & Research,Brazil,0.35,15.035714,11.6095495,1.8350223,10.69,1.4958,16.84,16.85,1981000.0,3195370.0,2673800.0,543624980.0,242025020.0,9.177,0.07391,0.22143,0.1094,0.26607,0.0596,0.113970004,0.12,0.146,17.48182,buy,2.27273
2026-04-15 13:33:54,B3,GGBR4,GGBR4.SA,2026-04-15 13:00:00,21.700000762939453,21.700000762939453,21.670000076293945,21.670000076293945,170600.0,21.670000076293945,21.600000381469727,21.530000686645508,21.799999237060547,21.469999313354492,4988700.0,42635183010.04643,20.160400009155275,18.747250022888185,24.079999923706055,14.479999542236328,BRL,SAO,GERDAU      PN      N1,Basic Materials,Steel,Brazil,0.89,31.405798,8.024024,0.7987468,1.85,0.8986,21.67,21.68,4988700.0,12971815.0,13803155.0,1250263163.0,1270866834.0,27.13,0.01985,0.12577,0.07026,0.11405,0.04153,0.025339998,0.009,,24.53333,buy,1.6
2026-04-15 13:33:54,B3,HAPV3,HAPV3.SA,2026-04-15 13:00:00,12.279999732971191,12.369999885559082,12.210000038146973,12.300000190734863,383700.0,12.300000190734863,13.039999961853027,13.050000190734863,13.050000190734863,12.15999984741211,5000900.0,5843239800.310531,10.527999992370605,23.92334997177124,44.849998474121094,7.0,BRL,SAO,HAPVIDA     ON      NM,Financial Services,Insurance - Life,Brazil,0.098,,5.4739656,0.1210213,,0.0,12.3,12.31,5000900.0,11900575.0,14490633.0,475060139.0,232036504.0,101.635,-0.00449,0.084910005,0.03823,0.11792,0.01355,-0.0029300002,0.065,,15.5,hold,2.92308
2026-04-15 13:33:54,B3,INTB3,INTB3.SA,2026-04-15 13:00:00,14.34000015258789,14.369999885559082,14.3100004196167,14.369999885559082,54800.0,14.369999885559082,14.380000114440918,14.449999809265137,14.449999809265137,14.239999771118164,749600.0,4702614593.868954,13.621199932098389,12.892799978256226,16.809999465942383,10.489999771118164,BRL,SAO,INTELBRAS   ON      NM,Technology,Communication Equipment,Brazil,0.053,9.709459,7.101381,1.57221,9.74,0.9478,14.35,14.37,749600.0,2407676.0,2840850.0,327211110.0,91985769.0,9.14,0.10824,0.11205,0.11368,0.301,0.048779998,0.16176,-0.093,0.08,16.05,buy,1.9
2026-04-15 13:33:54,B3,ITUB4,ITUB4.SA,2026-04-15 13:00:00,46.939998626708984,47.0,46.88999938964844,46.959999084472656,757200.0,46.959999084472656,46.68000030517578,46.369998931884766,47.40999984741211,46.369998931884766,14460000.0,517563005168.52454,45.001799774169925,39.47736225128174,49.66999816894531,31.4174747467041,BRL,SAO,ITAUUNIBANCOPN  EJ  N1,Financial Services,Banks - Regional,Brazil,0.267,11.710722,9.041045,2.5320823,1.18,0.8503,46.95,46.96,14460000.0,31637171.0,24200088.0,5403615951.0,5916281737.0,18.546,0.32284,0.0,0.37305,0.0,0.01549,0.21014,0.11,0.028,48.0,strong_buy,1.46154
2026-04-15 13:33:54,B3,LREN3,LREN3.SA,2026-04-15 13:00:00,15.430000305175781,15.479999542236328,15.430000305175781,15.460000038146973,158200.0,15.460000038146973,15.59000015258789,15.59000015258789,15.720000267028809,15.1899995803833,6993400.0,15196567620.516964,15.26260004043579,15.482400012016296,19.8700008392334,12.430000305175781,BRL,SAO,LOJAS RENNERON      NM,Consumer Cyclical,Department Stores,Brazil,0.469,10.736111,8.870681,1.4521886,5.68,0.584,15.46,15.47,6993400.0,15531805.0,16146455.0,976323386.0,,10.646,0.092080005,0.14868,0.1625,0.61707,0.059520002,0.13732,0.048,0.215,19.31333,buy,1.66667
2026-04-15 13:33:54,B3,MGLU3,MGLU3.SA,2026-04-15 13:00:00,9.260000228881836,9.289999961853027,9.260000228881836,9.260000228881836,258400.0,9.260000228881836,9.279999732971191,9.229999542236328,9.420000076293945,9.180000305175781,6837000.0,7175392172.056036,9.461199970245362,8.722882997989654,11.552379608154297,6.2095232009887695,BRL,SAO,MAGAZ LUIZA ON      NM,Consumer Cyclical,Specialty Retail,Brazil,1.12,35.615387,10.494107,0.635989,0.6,1.1008999,9.26,9.28,6837000.0,19150025.0,14802422.0,774880345.0,315750834.0,14.56,0.00529,0.03882,0.00981,0.29854,0.01979,0.01811,0.034,-0.555,9.19853,hold,3.38462
2026-04-15 13:33:54,B3,MOVI3,MOVI3.SA,2026-04-15 13:00:00,13.399999618530273,13.470000267028809,13.390000343322754,13.460000038146973,78800.0,13.460000038146973,13.350000381469727,13.329999923706055,13.520000457763672,13.210000038146973,1909400.0,4627258946.15411,12.995548248291016,9.760637075901032,14.970000267028809,5.690000057220459,BRL,SAO,MOVIDA      ON      NM,Industrials,Rental & Leasing Services,Brazil,0.438,14.791208,5.0288997,1.5381099,10.3,0.8418,13.46,13.47,1909400.0,5786664.0,10077122.0,337965766.0,114295493.0,8.751,0.0217,0.36856997,0.2325,0.32458,0.062140003,0.116610005,0.126,0.729,14.54662,buy,2.0
2026-04-15 13:33:54,B3,PCAR3,PCAR3.SA,2026-04-15 13:00:00,2.3399999141693115,2.3499999046325684,2.3299999237060547,2.3399999141693115,74000.0,2.3399999141693115,2.5199999809265137,2.5,2.5299999713897705,2.299999952316284,7245500.0,1157178968.8549268,2.7887999963760377,3.4647500026226044,4.949999809265137,1.8899999856948853,BRL,SAO,"P.ACUCAR,CBDON      NM",Consumer Cyclical,Department Stores,Brazil,1.207,,-5.1971126,0.54520035,,0.0,2.33,2.34,7245500.0,12940521.0,10546666.0,490637273.0,104682302.0,4.292,-0.043109998,0.049439996,0.03578,0.27562,0.0179,-0.25381002,-0.02,,3.36,underperform,3.66667
2026-04-15 13:33:54,B3,PETR3,PETR3.SA,2026-04-15 13:00:00,51.75,51.939998626708984,51.75,51.81999969482422,254900.0,51.81999969482422,52.61000061035156,52.380001068115234,52.59000015258789,51.68000030517578,5803400.0,667894127741.6909,46.81099998474121,37.024800081253055,56.13999938964844,30.84000015258789,BRL,SAO,PETROBRAS   ON      N2,Energy,Oil & Gas Integrated,Brazil,-0.071,6.8274045,6.082159,1.6063237,7.44,0.38869998,51.85,51.83,5803500.0,15749096.0,19083511.0,7442231382.0,8112812836.0,32.26,0.22134,0.41834,0.26850998,0.47632998,0.08613,0.28176,0.05,,50.82857,buy,1.875
2026-04-15 13:33:54,B3,PETR4,PETR4.SA,2026-04-15 13:00:00,47.38999938964844,47.52000045776367,47.380001068115234,47.459999084472656,866900.0,47.459999084472656,47.95000076293945,47.95000076293945,48.099998474121094,47.25,26524000.0,648469022182.3651,42.971199951171876,34.3564000415802,50.689998626708984,28.860000610351562,BRL,SAO,PETROBRAS   PN      N2,Energy,Oil & Gas Integrated,Brazil,-0.071,6.252964,4.225427,1.4711717,8.16,0.38869998,47.46,47.5,26524000.0,53425006.0,52719111.0,5446501379.0,8112812836.0,32.26,0.22134,0.41834,0.26850998,0.47632998,0.08613,0.28176,0.05,,49.87692,buy,2.0
2026-04-15 13:33:54,B3,PRIO3,PRIO3.SA,2026-04-15 13:00:00,63.540000915527344,63.59000015258789,63.400001525878906,63.5,141300.0,63.5,65.25,65.0999984741211,65.23999786376953,63.0099983215332,4945300.0,51423157313.5,59.464799880981445,44.7223999786377,72.9800033569336,32.900001525878906,BRL,SAO,PETRORIO    ON      NM,Energy,Oil & Gas E&P,Brazil,0.239,22.924189,7.9690475,1.9949733,,0.0,63.53,63.54,4945300.0,16110285.0,15764711.0,807383501.0,,31.83,0.14446999,0.51533,0.098859996,0.19917,0.022669999,0.08708999,0.424,,64.40357,buy,1.71429
2026-04-15 13:33:54,B3,RAIL3,RAIL3.SA,2026-04-15 13:00:00,16.889999389648438,16.899999618530273,16.850000381469727,16.8700008392334,208200.0,16.8700008392334,16.93000030517578,16.850000381469727,17.100000381469727,16.829999923706055,3012700.0,31307584209.821114,16.09620008468628,15.766200037002564,20.530000686645508,13.3100004196167,BRL,SAO,RUMO S.A.   ON      NM,Industrials,Railroads,Brazil,-0.022,36.673916,12.885831,2.2616973,4.79,1.7777001,16.86,16.87,3012700.0,12259218.0,14291190.0,1855814028.0,1313562523.0,7.459,0.06117,0.54698,0.39161,0.45391,0.06879,0.059699997,-0.033,,19.8,buy,1.93333
2026-04-15 13:33:54,B3,RDOR3,RDOR3.SA,2026-04-15 13:00:00,40.08000183105469,40.15999984741211,39.939998626708984,40.09000015258789,483600.0,40.09000015258789,42.290000915527344,40.70000076293945,40.779998779296875,39.939998626708984,72069900.0,88298856192.31723,40.2957999420166,40.239049949645995,48.40999984741211,29.25,BRL,SAO,REDE D OR   ON      NM,Healthcare,Medical Care Facilities,Brazil,0.817,18.910378,14.09897,4.5707445,1.5,1.5723,40.04,40.09,72069900.0,7081810.0,5912966.0,2199211735.0,982668832.0,8.771,0.084130004,0.20548001,0.17809,0.21854,0.059809998,0.20047002,0.119,0.238,51.58333,strong_buy,1.30769
2026-04-15 13:33:54,B3,RENT3,RENT3.SA,2026-04-15 13:00:00,51.290000915527344,51.38999938964844,51.22999954223633,51.34000015258789,73500.0,51.349998474121094,50.9900016784668,50.63999938964844,51.470001220703125,50.400001525878906,2930200.0,54152797185.08518,48.45480010986328,41.99365003585815,53.0,32.70000076293945,BRL,SAO,LOCALIZA    ON      NM,Industrials,Rental & Leasing Services,Brazil,0.34,29.170454,10.29326,2.2016382,4.1,1.1341001,51.33,51.35,2930300.0,9638621.0,10566322.0,1054582255.0,856989936.0,23.319,0.044889998,0.19489999,0.21751,0.21954,0.05748,0.07211,0.117,0.109,58.45333,buy,1.6
2026-04-15 13:33:54,B3,SANB11,SANB11.SA,2026-04-15 13:00:00,31.459999084472656,31.510000228881836,31.420000076293945,31.5,49200.0,31.5,32.150001525878906,32.099998474121094,32.11000061035156,31.420000076293945,1981700.0,148693279707.0,32.69219993591309,30.8455500125885,37.83000183105469,25.489999771118164,BRL,SAO,SANTANDER BRUNT,Financial Services,Banks - Regional,Brazil,0.322,15.395894,6.017491,0.940074,5.53,,31.5,31.51,1981700.0,3841088.0,2902900.0,3735435525.0,3735623127.0,33.508,0.27953,0.0,0.18215,0.0,0.0103400005,0.10524,0.116,0.273,36.66923,hold,2.61538
2026-04-15 13:33:54,B3,SBSP3,SBSP3.SA,2026-04-15 13:00:00,169.55999755859375,169.74000549316406,169.3800048828125,169.52999877929688,177700.0,169.52999877929688,168.89999389648438,168.8000030517578,169.75999450683594,167.35000610351562,1440000.0,122090138309.67825,152.0312124633789,130.50012195587158,171.72999572753906,102.58851623535156,BRL,SAO,SABESP      ON      NM,Utilities,Utilities - Regulated Water,Brazil,0.199,13.727125,12.550062,2.8041418,0.49,0.5066,169.5,169.53,1440000.0,3224836.0,3241933.0,720162621.0,468716980.0,60.457,0.22215,0.38157,0.34567,0.37017,0.084989995,0.21334,0.439,0.872,159.11856,buy,1.6875
2026-04-15 13:33:54,B3,SLCE3,SLCE3.SA,2026-04-15 13:00:00,18.59000015258789,18.6200008392334,18.559999465942383,18.559999465942383,58100.0,18.56999969482422,19.31999969482422,19.299999237060547,19.3799991607666,18.469999313354492,1941500.0,9225809291.854836,17.196999778747557,15.58000518321991,19.479999542236328,13.84000015258789,BRL,SAO,SLC AGRICOLAON      NM,Consumer Defensive,Farm Products,Brazil,0.316,16.571428,8.812162,1.8327243,6.68,1.1533,18.56,18.59,1941600.0,2684498.0,3639620.0,496812571.0,170762263.0,10.127,0.064959995,0.26997,0.026870001,0.34244,0.06277,0.11582,0.15,,19.70909,hold,2.81818
2026-04-15 13:33:54,B3,TIMS3,TIMS3.SA,2026-04-15 13:00:00,27.09000015258789,27.15999984741211,27.06999969482422,27.15999984741211,87100.0,27.15999984741211,27.270000457763672,27.270000457763672,27.489999771118164,26.989999771118164,1790200.0,64876231261.03814,26.852600021362306,23.873500003814698,28.739999771118164,17.34000015258789,BRL,SAO,TIM         ON      NM,Communication Services,Telecom Services,Brazil,0.299,15.258427,12.257092,2.7057183,9.52,1.4117999,27.16,27.15,1790200.0,6142726.0,5134500.0,2388668322.0,2388261815.0,10.038,0.16194999,0.41569,0.27545,0.53928,0.0735,0.17117001,0.044,0.291,28.31429,buy,2.42857
2026-04-15 13:33:54,B3,TOTS3,TOTS3.SA,2026-04-15 13:00:00,35.16999816894531,35.20000076293945,35.11000061035156,35.119998931884766,77800.0,35.119998931884766,34.7599983215332,34.63999938964844,35.63999938964844,34.4900016784668,1538100.0,20540790375.36668,36.796200103759766,41.88059997558594,48.400001525878906,33.02000045776367,BRL,SAO,TOTVS       ON      NM,Technology,Software - Application,Brazil,0.545,24.9078,15.7488785,4.0423574,1.87,0.4335,35.13,35.13,1538100.0,5119686.0,3505830.0,579848243.0,485228645.0,8.688,0.1545,0.2208,0.21545,0.70264,0.075840004,0.16139999,0.151,0.429,51.75385,none,
2026-04-15 13:33:54,B3,UGPA3,UGPA3.SA,2026-04-15 13:00:00,30.65999984741211,30.729999542236328,30.579999923706055,30.649999618530273,164200.0,30.649999618530273,30.079999923706055,30.1299991607666,30.790000915527344,30.09000015258789,2681300.0,32757717950.297623,27.344800071716307,22.003449959754946,30.729999542236328,15.579999923706055,BRL,SAO,ULTRAPAR    ON      NM,Energy,Oil & Gas Refining & Marketing,Brazil,0.417,13.042554,11.594652,2.0908656,5.81,0.7443,30.63,30.65,2681300.0,6639148.0,6110070.0,1068767319.0,645872968.0,14.659,0.017239999,0.04482,0.03091,0.06574,0.06954,0.16381,0.072,-0.595,29.0375,buy,2.25
2026-04-15 13:33:54,B3,VALE3,VALE3.SA,2026-04-15 13:00:00,88.38999938964844,88.55000305175781,88.38999938964844,88.5,249100.0,88.5,88.3499984741211,88.1500015258789,89.08000183105469,87.88999938964844,10608100.0,386312747680.5,83.5679998779297,67.92390001296997,91.62000274658203,49.720001220703125,BRL,SAO,VALE        ON  ATZ NM,Basic Materials,Other Industrial Metals & Mining,Brazil,0.889,32.18182,8.004494,2.0498447,7.81,2.0855,88.48,88.51,10608100.0,27576761.0,19626133.0,4365115781.0,3967404263.0,43.174,0.06467,0.35986,0.27639,0.34976003,0.077870004,0.05867,0.005,,87.66967,buy,2.15385
2026-04-15 13:33:54,B3,VIVT3,VIVT3.SA,2026-04-15 13:00:00,41.560001373291016,41.619998931884766,41.5099983215332,41.619998931884766,66600.0,41.619998931884766,41.310001373291016,41.36000061035156,41.93000030517578,41.349998474121094,1527700.0,133001132998.58417,40.93220016479492,35.19270009994507,43.470001220703125,25.270000457763672,BRL,SAO,TELEF BRASILON,Communication Services,Telecom Services,Brazil,0.41,21.790575,12.980451,1.9353639,5.57,0.52889997,41.61,41.62,1527700.0,5321480.0,4330630.0,3195606352.0,705206410.0,21.505,0.1035,0.32474998,0.19459,0.48099998,0.05242,0.08901,0.071,0.093,39.86429,buy,2.35714
2026-04-15 13:33:54,B3,VVAR3,VVAR3.SA,,,,,,,,,,,,,,,,,,,,,,,,,,,,,,,,,,,,,,,,,,,,,,,,
2026-04-15 13:33:54,B3,WEGE3,WEGE3.SA,2026-04-15 13:00:00,49.77000045776367,49.88999938964844,49.5099983215332,49.529998779296875,351500.0,49.540000915527344,51.970001220703125,51.900001525878906,52.099998474121094,49.5099983215332,6622000.0,207861406733.5368,49.861200103759764,43.72014989852905,54.529998779296875,35.25,BRL,SAO,WEG         ON      NM,Industrials,Electrical Equipment & Parts,Brazil,0.047,32.592106,25.321243,11.934474,0.77,1.1888,49.54,49.54,6622000.0,7884775.0,7453655.0,4195829691.0,1485947686.0,4.151,0.15626,0.21486,0.19398001,0.3353,0.11845,0.32514998,-0.053,-0.063,54.47143,hold,2.57143
2026-04-15 13:33:54,B3,XPBR31,XPBR31.SA,2026-04-15 13:00:00,103.26000213623047,103.51000213623047,103.12999725341797,103.2300033569336,25719.0,103.2300033569336,105.58999633789062,104.66000366210938,107.52999877929688,103.12999725341797,588757.0,53405769606.27073,102.67800033569335,98.26905006408691,119.37000274658203,79.30000305175781,BRL,SAO,XP INC      DR1,Financial Services,Capital Markets,Cayman Islands,1.276,10.620371,8.332647,2.2741895,0.94,0.102299996,103.21,103.21,588757.0,1078326.0,1035054.0,416451545.0,415067863.0,45.392,0.29088,0.0,0.31500998,0.69263,0.0139,0.23715,0.133,0.141,142.0,buy,2.0
2026-04-15 13:33:54,Global,005930.KS,005930.KS,2026-04-15 02:00:00,213750.0,214500.0,210000.0,212000.0,4801749.0,211000.0,206500.0,215000.0,215500.0,210000.0,24092884.0,1392248580977000.0,186484.693877551,116071.71717171717,223000.0,53700.0,KRW,KSC,SamsungElec,Technology,Consumer Electronics,South Korea,1.211,,7.3448596,,1.1,0.2526,211000.0,211500.0,24092884.0,31067426.0,28241570.0,5795963304.0,5456638254.0,,0.13267,0.26756,0.21322,0.39379,0.0504,0.10783,0.238,1.622,239873.48,none,
2026-04-15 13:33:54,Global,2222.SR,2222.SR,2026-04-15 08:00:00,27.459999084472656,27.479999542236328,27.399999618530273,27.479999542236328,4212150.0,27.540000915527344,27.360000610351562,27.360000610351562,27.540000915527344,27.34000015258789,17807205.0,6662130017472.84,26.392000045776367,24.979299983978272,27.760000228881836,23.040000915527344,SAR,SAU,Saudi Arabian Oil Co.,Energy,Oil & Gas Integrated,Saudi Arabia,-0.01,19.125,16.491018,4.4649806,4.96,0.91059995,27.46,27.46,17807205.0,14983055.0,16501384.0,241907400000.0,5989627224.0,6.168,0.20826,0.49370998,0.42664,0.55733,0.18552,0.20764999,-0.029,-0.195,28.883,buy,2.23529
2026-04-15 13:33:54,Global,9988.HK,9988.HK,2026-04-15 04:30:00,129.1999969482422,129.3000030517578,128.60000610351562,128.60000610351562,14726369.0,128.6,124.5,129.5,131.0,128.39999389648438,95222777.0,2460638989206.8,139.66122405383052,142.33618106554502,186.1999969482422,101.80000305175781,HKD,HKG,BABA-W,Consumer Cyclical,Internet Retail,Hong Kong,0.489,23.171171,16.547754,2.0020552,0.83,0.19450001,128.6,128.7,95222777.0,84613426.0,87014248.0,19134051238.0,17578696960.0,64.23399,0.08912,0.13638,0.07078,0.40755,0.03134,0.082329996,0.017,-0.709,185.14229,strong_buy,1.27273
2026-04-15 13:33:54,Global,AAPL,AAPL,2026-04-15 13:30:00,264.57000732421875,264.9800109863281,264.239990234375,264.9800109863281,308148.0,264.9549865722656,258.6001,258.0950012207031,265.5,257.82000732421875,21662118.0,3894288785970.154,260.8827996826172,251.21179931640626,288.6199951171875,189.80999755859375,USD,NMS,Apple Inc.,Technology,Consumer Electronics,United States,1.109,33.584286,28.455053,44.17806,0.4,0.1304,264.49,266.98,21668218.0,47195496.0,39732000.0,14681140000.0,14655888439.0,5.998,0.27037,0.35099998,0.35374,0.47325,0.24377,1.5202099,0.157,0.183,296.3305,buy,1.89583
2026-04-15 13:33:54,Global,AMD,AMD,2026-04-15 13:30:00,255.92999267578125,255.99000549316406,255.07009887695312,255.2550048828125,209668.0,255.2550048828125,253.3,255.02999877929688,257.59991455078125,253.24000549316406,11884180.0,416170527946.21045,209.61080017089844,200.48759986877442,267.0799865722656,83.75,USD,NMS,"Advanced Micro Devices, Inc.",Technology,Semiconductors,United States,1.963,98.175,23.563683,6.604269,,0.0,256.5,255.28,11884180.0,37431775.0,32638550.0,1630338779.0,1621443583.0,38.65,0.12515001,0.19472,0.17059,0.52493,0.032,0.07082,0.341,2.171,289.34784,buy,1.57143
2026-04-15 13:33:54,Global,AMZN,AMZN,2026-04-15 13:30:00,248.97000122070312,248.97999572753906,248.47999572753906,248.5850067138672,231842.0,248.5850067138672,249.16,249.1999969482422,250.44000244140625,247.1999969482422,20209457.0,2673345755657.033,213.5602005004883,225.1564500427246,258.6000061035156,165.2899932861328,USD,NMS,"Amazon.com, Inc.",Consumer Cyclical,Internet Retail,United States,1.383,34.670155,26.488781,6.489454,,0.0,247.85,248.73,20209457.0,51738766.0,47805430.0,10754251799.0,9756110785.0,38.306,0.108339995,0.20327,0.10533,0.50286,0.06928,0.22286,0.136,0.05,281.1797,strong_buy,1.33824
2026-04-15 13:33:54,Global,ASML,ASML,2026-04-15 13:30:00,1437.8768310546875,1438.239990234375,1435.56005859375,1435.6800537109375,18208.0,1435.6800537109375,1528.4589,1473.3699951171875,1474.4000244140625,1434.4400634765625,2435459.0,563732240535.186,1395.4078076171875,1074.5677487182618,1547.219970703125,614.0599975585938,USD,NMS,ASML Holding N.V. - New York Re,Technology,Semiconductor Equipment & Materials,Netherlands,1.382,49.763607,31.431128,24.378017,0.58,0.266,1450.45,1446.68,2435459.0,1802035.0,1702400.0,385417665.0,385294331.0,58.892403,0.29416,0.37549,0.35304,0.52830005,0.14247,0.50458,0.049,0.072,1511.9385,strong_buy,1.5
2026-04-15 13:33:54,Global,AVGO,AVGO,2026-04-15 13:30:00,392.3599853515625,392.5,391.0,391.1499938964844,276965.0,391.1499938964844,392.9998,389.875,396.56988525390625,385.57000732421875,15695842.0,1854549217540.4114,328.58300048828124,331.26155029296876,414.6099853515625,161.61000061035156,USD,NMS,Broadcom Inc.,Technology,Semiconductors,United States,1.253,76.09922,21.737753,23.193003,0.68,0.47169998,391.52,397.0,15695842.0,26706215.0,23819280.0,4734668184.0,4675721565.0,16.865,0.36571997,0.54506,0.44943002,0.76725996,0.10663,0.33370999,0.295,0.316,472.92395,strong_buy,1.26531
2026-04-15 13:33:54,Global,BABA,BABA,2026-04-15 13:30:00,133.10069274902344,133.22999572753906,133.05099487304688,133.19000244140625,59289.0,133.19000244140625,131.83,132.6999969482422,133.57000732421875,131.3822021484375,4747100.0,318558041421.19904,139.94419998168945,146.66419967651368,192.6699981689453,103.70999908447266,USD,NYQ,Alibaba Group Holding Limited,Consumer Cyclical,Internet Retail,Hong Kong,0.489,23.4903,17.734392,2.0502448,0.8,0.19450001,132.93,132.96,4747100.0,11170161.0,9772080.0,2391756405.0,17578696960.0,64.962975,0.08912,0.13638,0.07078,0.40755,0.03134,0.082329996,0.017,-0.709,188.99232,strong_buy,1.39024
2026-04-15 13:33:54,Global,BAC,BAC,2026-04-15 13:30:00,54.095001220703125,54.20000076293945,54.05500030517578,54.17499923706055,414176.0,54.17499923706055,53.39,54.25,55.400001525878906,53.70500183105469,30719422.0,388796751084.37604,50.688000183105466,51.0515500831604,57.54999923706055,36.4900016784668,USD,NYQ,Bank of America Corporation,Financial Services,Banks - Diversified,United States,1.237,14.21916,10.86878,1.4093025,2.1,0.28350002,54.08,54.1,30719422.0,40991415.0,32823860.0,7145709181.0,7149123710.0,38.441,0.28401,0.0,0.41627997,0.0,0.00914,0.10217,0.072,0.212,60.5625,strong_buy,1.5
2026-04-15 13:33:54,Global,BRK-B,BRK-B,2026-04-15 13:30:00,475.25,475.6300048828125,475.2001037597656,475.3999938964844,25342.0,475.3999938964844,477.925,478.0,478.7699890136719,473.82000732421875,1924407.0,1025376469743.504,489.4708013916016,490.351199798584,542.0700073242188,455.19000244140625,USD,NYQ,Berkshire Hathaway Inc. New,Financial Services,Insurance - Diversified,United States,0.699,15.315721,21.855513,0.0009533492,,0.0,475.11,475.16,1924407.0,4811145.0,3857110.0,1390722404.0,1235251.0,498663.0,0.18029,0.29774,0.32956,0.26146,0.051090002,0.09809,-0.007,-0.025,523.0,buy,2.0
2026-04-15 13:33:54,Global,COST,COST,2026-04-15 13:30:00,976.3900146484375,978.8800048828125,976.3800048828125,978.6699829101562,13015.0,978.6699829101562,973.45,970.3099975585938,979.1199951171875,968.2999877929688,628584.0,434401668877.7111,993.9497973632813,949.0997998046874,1067.0799560546875,844.0599975585938,USD,NMS,Costco Wholesale Corporation,Consumer Defensive,Discount Stores,United States,0.978,50.972393,43.56202,26.253286,0.53,0.27040002,965.0,976.85,628584.0,2069006.0,1934480.0,443652540.0,440916269.0,37.278,0.029860001,0.047020003,0.036730003,0.12926,0.08718,0.29650998,0.215,0.455,1067.9375,buy,1.94595
2026-04-15 13:33:54,Global,CVX,CVX,2026-04-15 13:30:00,185.3300018310547,185.55999755859375,185.3300018310547,185.53489685058594,48000.0,185.53489685058594,186.49,186.35499572753906,187.22000122070312,184.04010009765625,3688704.0,369566738580.3408,191.43899932861328,164.0844997406006,214.7100067138672,132.3300018310547,USD,NYQ,Chevron Corporation,Energy,Oil & Gas Integrated,United States,0.587,27.942003,16.818722,1.9705262,3.81,1.0317,184.88,184.89,3688704.0,12846158.0,13598810.0,1991898801.0,1853852843.0,94.155,0.06661,0.20379,0.09462,0.41896,0.03794,0.07231,-0.082,-0.238,207.95833,buy,1.96154
2026-04-15 13:33:54,Global,GOOGL,GOOGL,2026-04-15 13:30:00,335.0,335.0199890136719,334.7099914550781,334.8599853515625,122203.0,334.8599853515625,333.29,332.8900146484375,335.218505859375,330.8999938964844,9940854.0,4050801242797.8516,307.9045983886719,270.09879959106445,349.0,146.10000610351562,USD,NMS,Alphabet Inc.,Communication Services,Internet Content & Information,United States,1.128,30.948244,24.908764,9.74762,0.25,0.076799996,333.03,336.98,9940854.0,33550273.0,26628700.0,5822000000.0,10833468350.0,34.353,0.32810003,0.37278998,0.31568,0.59652,0.15427,0.35705003,0.18,0.311,375.9325,strong_buy,1.37313
2026-04-15 13:33:54,Global,JNJ,JNJ,2026-04-15 13:30:00,237.42999267578125,237.6999969482422,237.36000061035156,237.63499450683594,26773.0,237.63499450683594,240.0,239.93499755859375,240.4199981689453,237.00999450683594,2067548.0,572676320418.3898,241.13620086669923,201.5004500579834,251.7100067138672,146.1199951171875,USD,NYQ,Johnson & Johnson,Healthcare,Drug Manufacturers - General,United States,0.329,21.563972,18.745543,7.017126,2.23,0.466,237.33,237.46,2067548.0,8659020.0,7175410.0,2408613219.0,2406067197.0,33.865,0.21834,0.35391998,0.26723,0.67997,,,0.099,-0.529,241.91667,buy,2.12
2026-04-15 13:33:54,Global,JPM,JPM,2026-04-15 13:30:00,305.0199890136719,305.05999755859375,304.70001220703125,304.82000732421875,47628.0,304.82000732421875,311.29,313.95001220703125,314.2200012207031,304.3999938964844,4792231.0,822109428301.155,299.6536010742187,303.3723504638672,337.25,226.33999633789062,USD,NYQ,JP Morgan Chase & Co.,Financial Services,Banks - Diversified,United States,1.043,14.5986595,12.930798,2.4003844,1.93,0.2824,304.65,304.72,4792231.0,10650033.0,8889890.0,2679500000.0,2665084290.0,126.988,0.33936,0.0,0.43051997,0.0,0.01272,0.16465001,0.127,0.172,334.43478,buy,2.19231
2026-04-15 13:33:54,Global,LLY,LLY,2026-04-15 13:30:00,895.2999877929688,897.4500122070312,893.6500244140625,896.0700073242188,40647.0,896.0700073242188,924.8453,923.5,930.0,888.030029296875,1498172.0,801999464140.3032,981.721005859375,903.3358029174805,1133.949951171875,623.780029296875,USD,NYQ,Eli Lilly and Company,Healthcare,Drug Manufacturers - General,United States,0.504,39.01045,21.326519,30.21649,0.68,0.26139998,891.61,892.16,1498229.0,3126855.0,2765390.0,893357420.0,890981089.0,29.655,0.31667,0.48625,0.44896,0.83044,0.19415002,1.01159,0.426,0.514,1209.6897,buy,1.70968
2026-04-15 13:33:54,Global,MA,MA,2026-04-15 13:30:00,518.1950073242188,518.8200073242188,518.0449829101562,518.6500244140625,21755.0,518.6500244140625,513.13,516.0,518.8200073242188,513.2100219726562,1302655.0,462862816740.27893,513.7177990722656,551.4303479003906,601.77001953125,480.5,USD,NYQ,Mastercard Incorporated,Financial Services,Credit Services,United States,0.831,31.395279,22.88506,59.931824,0.68,0.184,518.45,518.64,1302655.0,3839655.0,3409150.0,885216386.0,883982199.0,8.654,0.45646998,0.62651,0.57733,1.0,0.23719999,2.09915,0.176,0.242,657.1143,strong_buy,1.34211
2026-04-15 13:33:54,Global,META,META,2026-04-15 13:30:00,676.77001953125,676.8699951171875,675.02001953125,675.3200073242188,140357.0,675.3200073242188,665.935,667.0,678.5,664.219970703125,7470715.0,1708259414475.4976,630.452197265625,682.0253988647461,796.25,479.79998779296875,USD,NMS,"Meta Platforms, Inc.",Communication Services,Internet Content & Information,United States,1.309,28.712585,18.96097,7.8647213,0.32,0.08939999,676.61,677.09,7470715.0,16421785.0,18070090.0,2187177748.0,2183866414.0,85.867,0.30084,0.50701,0.41314998,0.81999,0.16212,0.30238,0.238,0.107,855.6793,strong_buy,1.34328
2026-04-15 13:33:54,Global,MSFT,MSFT,2026-04-15 13:30:00,409.16009521484375,409.2799987792969,408.3299865722656,408.3299865722656,267801.0,408.3299865722656,394.3999,397.8500061035156,409.45001220703125,396.7300109863281,20911894.0,3034862668474.4873,392.1575988769531,473.112099609375,555.4500122070312,355.6700134277344,USD,NMS,Microsoft Corporation,Technology,Software - Infrastructure,United States,1.107,25.520624,21.60004,7.760714,0.93,0.21280001,407.0,411.98,20911894.0,37430888.0,30104260.0,7425629076.0,7414713401.0,52.615,0.39044,0.57377,0.47094002,0.68586,0.1486,0.34390998,0.167,0.598,585.4065,strong_buy,1.27586
2026-04-15 13:33:54,Global,NVDA,NVDA,2026-04-15 13:30:00,199.1201934814453,199.13999938964844,198.27999877929688,198.4949951171875,2145098.0,198.4949951171875,196.19,196.5500030517578,200.39999389648438,196.25999450683594,95987772.0,4824420856323.242,182.1213995361328,181.12435035705568,212.19000244140625,95.04000091552734,USD,NMS,NVIDIA Corporation,Technology,Semiconductors,United States,2.335,40.592026,17.7062,30.669807,0.02,0.0082,198.54,198.85,95987772.0,178422101.0,149651560.0,24300000000.0,23321682000.0,6.472,0.55603004,0.61698,0.65024,0.71068,0.51188,1.01485,0.732,0.956,268.22195,strong_buy,1.28333
2026-04-15 13:33:54,Global,ORCL,ORCL,2026-04-15 13:30:00,170.1999969482422,170.1999969482422,169.52999877929688,169.57000732421875,211336.0,169.57000732421875,163.8,166.88999938964844,172.55999755859375,166.2100067138672,27116807.0,487691141284.79004,150.33279876708986,215.99594924926757,345.7200012207031,121.23999786376953,USD,NYQ,Oracle Corporation,Technology,Software - Infrastructure,United States,1.597,30.443447,21.268778,14.535402,1.23,0.35909998,169.92,169.96,27116958.0,28893110.0,27890490.0,2876046000.0,1708975294.0,11.666,0.25298,0.42826,0.32676,0.67084,0.06335,0.57572,0.217,0.245,246.45872,buy,1.61364
2026-04-15 13:33:54,Global,PG,PG,2026-04-15 13:30:00,143.1300048828125,143.31500244140625,143.1300048828125,143.27499389648438,20124.0,143.27499389648438,144.38,144.36000061035156,144.40310668945312,142.25999450683594,2259000.0,334795484970.6853,152.73980072021484,151.47630043029784,171.64999389648438,137.6199951171875,USD,NYQ,Procter & Gamble Company (The),Consumer Defensive,Household & Personal Products,United States,0.403,21.194525,19.72887,6.369759,2.93,0.6188,143.12,143.15,2259000.0,11149808.0,7961810.0,2324000685.0,2319771004.0,22.493,0.19299999,0.29047,0.26297,0.51189,0.10898,0.31562,0.015,-0.054,164.95454,buy,2.08333
2026-04-15 13:33:54,Global,SAP,SAP,2026-04-15 13:30:00,173.1300048828125,173.13999938964844,172.74000549316406,172.74000549316406,10955.0,172.74000549316406,169.0,170.97000122070312,173.1999969482422,170.14999389648438,1642135.0,203126341078.47516,188.71559997558595,245.0898503112793,313.2799987792969,160.66000366210938,USD,NYQ,SAP  SE,Technology,Software - Application,Germany,0.762,24.261236,17.289267,3.9085567,1.77,0.38,173.03,173.09,1642135.0,3318820.0,3170390.0,1167559048.0,1042910444.0,44.195343,0.19459,0.30527002,0.29213,0.73764,0.090059996,0.16122,0.033,0.05,290.16666,buy,1.625
2026-04-15 13:33:54,Global,TM,TM,2026-04-15 13:30:00,212.72860717773438,212.72860717773438,212.72860717773438,212.72860717773438,0.0,212.72860717773438,216.3604,212.52999877929688,213.1649932861328,212.0399932861328,104667.0,277269019402.7444,224.02159881591797,205.31814979553224,248.89999389648438,167.17999267578125,USD,NYQ,Toyota Motor Corporation,Consumer Cyclical,Auto Manufacturers,Japan,0.357,11.957763,13.480901,18.12717,2.71,0.33200002,212.54,212.65,104669.0,302796.0,291000.0,1303393197.0,9737764559.0,11.735345,0.073249996,0.12299,0.08851,0.17597,0.0273,0.10032,0.086,-0.423,257.23853,none,
2026-04-15 13:33:54,Global,TSLA,TSLA,2026-04-15 13:30:00,392.92999267578125,393.1499938964844,391.1200866699219,391.20001220703125,1079546.0,391.20001220703125,366.0,366.7950134277344,394.4798889160156,362.5,64509860.0,1467951437946.8545,391.69879943847656,397.6700500488281,498.8299865722656,222.7899932861328,USD,NMS,"Tesla, Inc.",Consumer Cyclical,Auto Manufacturers,United States,1.915,358.89908,141.13573,17.865461,,0.0,391.12,396.0,64509860.0,61866270.0,67520150.0,3752431984.0,2812635394.0,21.897,0.040009998,0.11076,0.047030002,0.18027,0.02095,0.049250003,-0.031,-0.606,415.2966,buy,2.4375
2026-04-15 13:33:54,Global,TSM,TSM,2026-04-15 13:30:00,376.8900146484375,376.989990234375,376.07501220703125,376.1199951171875,99316.0,376.1199951171875,384.3,381.4100036621094,381.9700012207031,376.07501220703125,7214221.0,1950748199167.749,352.1604016113281,295.47420021057127,390.2099914550781,145.83999633789062,USD,NYQ,Taiwan Semiconductor Manufactur,Technology,Semiconductors,Taiwan,1.251,36.130642,20.403833,57.533985,0.92,0.2873,377.45,377.47,7214270.0,13330916.0,11634440.0,5186504904.0,24177929426.0,6.5373535,0.45099998,0.68633,0.53916,0.59891,0.16555001,0.35064,0.205,0.35,439.54056,strong_buy,1.42105
2026-04-15 13:33:54,Global,UNH,UNH,2026-04-15 13:30:00,312.6199951171875,312.7799987792969,312.5801086425781,312.7799987792969,25893.0,312.7799987792969,314.34,316.0,317.760009765625,311.1449890136719,2544760.0,283902847814.41724,284.14299926757815,312.5839993286133,594.8099975585938,234.60000610351562,USD,NYQ,UnitedHealth Group Incorporated,Healthcare,Healthcare Plans,United States,0.408,23.641724,15.532909,3.011148,2.81,0.65989995,312.23,312.35,2544768.0,10132838.0,8467920.0,907675839.0,899987825.0,103.874,0.02694,0.04832,0.00336,0.18526,0.039,0.12538,0.123,-0.999,360.96155,buy,1.72414
2026-04-15 13:33:54,Global,V,V,2026-04-15 13:30:00,314.19000244140625,314.66229248046875,314.1549987792969,314.56500244140625,28775.0,314.56500244140625,311.42,313.0,314.66229248046875,311.5199890136719,1977184.0,606493781795.6929,313.04639709472656,335.10574783325194,375.510009765625,293.8900146484375,USD,NYQ,Visa Inc.,Financial Services,Credit Services,United States,0.799,29.536621,21.62946,15.701557,0.86,0.2291,314.13,314.18,1977184.0,7682405.0,6148270.0,1681093942.0,1739792978.0,20.034,0.50233,0.70032,0.68296,0.97777003,0.18364,0.53954,0.146,0.174,394.85742,strong_buy,1.33333
2026-04-15 13:33:54,Global,WMT,WMT,2026-04-15 13:30:00,123.91999816894531,124.19000244140625,123.91999816894531,124.16999816894531,114006.0,124.16000366210938,124.94,124.5,124.9000015258789,123.17990112304688,5934848.0,989853523719.97,125.66159988403321,110.29889991760254,134.69000244140625,90.61000061035156,USD,NMS,Walmart Inc.,Consumer Defensive,Discount Stores,United States,0.661,45.483517,37.802193,9.932805,0.79,0.3443,123.46,131.15,5935127.0,29527768.0,15496140.0,7972402501.0,4375015320.0,12.501,0.0307,0.061739996,0.04567,0.24927,0.06834,0.21847,0.056,-0.19,136.43903,strong_buy,1.44186
2026-04-15 13:33:54,Global,XOM,XOM,2026-04-15 13:30:00,148.72999572753906,148.99000549316406,148.72999572753906,148.9499969482422,75743.0,148.9499969482422,148.66,148.60000610351562,149.4600067138672,146.89999389648438,6040096.0,619119512179.4374,154.35299926757813,125.35559993743897,176.41000366210938,101.19000244140625,USD,NYQ,Exxon Mobil Corporation,Energy,Oil & Gas Integrated,United States,0.288,22.231344,14.966014,2.3997486,2.76,0.597,148.38,148.38,6040101.0,23114701.0,25232880.0,4156559415.0,4158096585.0,62.069,0.089049995,0.18334,0.09527001,0.31049,0.04902,0.110810004,-0.013,-0.11,162.70833,buy,2.30769
